bodyid,pre,post,upstream,downstream,status,name,voxels,soma,side,connectivity.type,cell.type,class,cellBodyFiber,glomerulus,layer,ct.layer,axon.outputs,dend.outputs,axon.inputs,dend.inputs,total.length,axon.length,dend.length,pd.length,segregation_index,is_canonical,across_dataset_cluster,notes
1536947502,917,2426,2426,7026,Traced,D_adPN_R,1798816972,True,right,D_adPN,D_adPN,uPN,AVM01,D,2.186,2.0,5073.0,1902.0,260.0,2143.0,2534.9722644195604,382.04121290981203,1432.78815029406,230.442775931686,0.28130105437762104,True,9,
5813055184,918,2487,2487,7137,Traced,D_adPN_R,1891883208,True,right,D_adPN,D_adPN,uPN,AVM01,D,2.151,2.0,5067.0,1913.0,251.0,2219.0,2621.26093233834,384.61686043107,1512.95092048025,242.81382600963502,0.28823520869656105,True,9,
5813038889,940,2457,2457,6975,Traced,D_adPN_R,1695668588,True,right,D_adPN,D_adPN,uPN,AVM01,D,2.1519999999999997,2.0,4986.0,1964.0,219.0,2225.0,2686.3274000307,421.11130589551203,1513.44789680985,224.04363694137402,0.293650216177533,True,9,
733316908,665,2114,2114,6673,Traced,DA1_vPN_R,1489850858,False,right,DA1_vPN,DA1_vPN,uPN,AVM04,DA1,2.141,2.0,6245.0,367.0,391.0,1717.0,2994.84677344865,888.758818533575,1473.63829949778,208.505891884939,0.49068655000514,False,155,
5813039315,691,2263,2263,5579,Traced,DA1_lPN_R,1010906190,False,right,DA1_lPN,DA1_lPN,uPN,AVM02,DA1,2.16,2.0,4411.0,1156.0,184.0,2062.0,2187.22427555476,378.809333668255,1275.49954942721,251.579589840843,0.386870547103367,True,83,
1734350788,617,2086,2086,4880,Traced,DA1_lPN_R,1171353907,True,right,DA1_lPN,DA1_lPN,uPN,AVM02,DA1,2.13,2.0,3731.0,1144.0,146.0,1929.0,2131.66404924474,338.734191311002,1245.051586047,246.30184766775398,0.374406972483912,True,83,
722817260,692,2440,2440,5563,Traced,DA1_lPN_R,1100362286,False,right,DA1_lPN,DA1_lPN,uPN,AVM02,DA1,2.131,2.0,4258.0,1297.0,168.0,2259.0,2199.28448504078,364.49514720008904,1343.10492359215,252.508629687986,0.378465920912705,True,83,
1734350908,723,2318,2318,5839,Traced,DA1_lPN_R,1375776405,True,right,DA1_lPN,DA1_lPN,uPN,AVM02,DA1,2.1390000000000002,2.0,4451.0,1384.0,144.0,2170.0,2434.2161014264498,392.13888464254205,1410.18637386328,231.327701348517,0.379659808078067,True,83,
754534424,641,2368,2368,5276,Traced,DA1_lPN_R,1262418443,True,right,DA1_lPN,DA1_lPN,uPN,AVM02,DA1,2.12,2.0,4074.0,1202.0,166.0,2193.0,2293.94383386493,371.667994300158,1353.6333921683502,244.27893474086002,0.3841643294578139,True,83,
754538881,622,2321,2321,4862,Traced,DA1_lPN_R,1213863758,True,right,DA1_lPN,DA1_lPN,uPN,AVM02,DA1,2.13,2.0,3477.0,1359.0,78.0,2233.0,2332.46620981622,344.518882306101,1479.1632537836301,244.02568819319998,0.38698039626252,True,83,
1765040289,700,2399,2399,5509,Traced,DA1_lPN_R,1375518807,True,right,DA1_lPN,DA1_lPN,uPN,AVM02,DA1,2.099,2.0,4205.0,1208.0,184.0,2188.0,2597.62847421274,600.365732720461,1391.5703812512697,287.872026961415,0.378571809833757,True,83,
818983130,409,562,562,3400,Traced,DA2_lPN_R,606414496,False,right,DA2_lPN,DA2_lPN,uPN,AVM02,DA2,2.215,2.0,2786.0,582.0,115.0,437.0,1086.49460234574,326.274651895026,377.059731446225,220.419394865286,0.25946483861769604,True,88,
1796817841,394,510,510,3263,Traced,DA2_lPN_R,723113353,True,right,DA2_lPN,DA2_lPN,uPN,AVM02,DA2,2.235,2.0,2605.0,526.0,90.0,409.0,1217.8412666665301,323.364825411487,403.306724256029,217.367600350116,0.287668350027975,True,88,
1796818119,510,818,818,4109,Traced,DA2_lPN_R,907369420,True,right,DA2_lPN,DA2_lPN,uPN,AVM02,DA2,2.2119999999999997,2.0,3241.0,809.0,140.0,661.0,1330.03053644836,383.249171682462,455.119690084431,221.00836925289397,0.26649186812993303,True,88,
1827516355,391,548,548,3264,Traced,DA2_lPN_R,737014743,True,right,DA2_lPN,DA2_lPN,uPN,AVM02,DA2,2.231,2.0,2590.0,515.0,112.0,422.0,1184.24986381444,352.02807267213205,375.15685211337995,226.67956762078998,0.267872742200848,True,88,
1797505019,342,478,478,2923,Traced,DA2_lPN_R,445413576,False,right,DA2_lPN,DA2_lPN,uPN,AVM02,DA2,2.2,2.0,2247.0,489.0,102.0,358.0,1023.1614535664501,302.648592219232,308.814572094638,232.283056207426,0.24317854597949803,True,88,
666135689,561,975,975,4113,Traced,DA3_adPN_R,761338506,False,right,DA3_adPN,DA3_adPN,uPN,AVM01,DA3,2.1319999999999997,2.0,3671.0,402.0,248.0,696.0,1667.2932852842998,632.268522091141,505.398789076409,278.693531261422,0.321610592965891,True,5,
1703683361,608,1030,1030,4238,Traced,DA3_adPN_R,1100654142,True,right,DA3_adPN,DA3_adPN,uPN,AVM01,DA3,2.137,2.0,3695.0,377.0,278.0,719.0,1849.09705295871,698.098703615642,502.439811583131,311.28236840470197,0.31842425410326003,True,5,
544021095,1397,1629,1629,12300,Traced,DA4l_adPN_R,2317007515,True,right,DA4l_adPN,DA4l_adPN,uPN,AVM01,DA4l,2.488,2.0,10868.0,1352.0,437.0,1150.0,2375.955320023,801.417230578783,677.8119045308081,298.61327889869096,0.27392594842896,True,7,
574037266,1539,2297,2297,13311,Traced,DA4m_adPN_R,2238024781,True,right,DA4m_adPN,DA4m_adPN,uPN,,DA4m,2.345,2.0,10906.0,2324.0,432.0,1844.0,3357.77438484967,1233.5180047542199,1315.4044212685499,272.465587896312,0.273803766337759,True,30,
1640594274,3220,6607,6607,27736,Traced,DC1_adPN_R,4201701927,True,right,DC1_adPN,DC1_adPN,uPN,AVM01,DC1,2.22,2.0,21761.0,5901.0,829.0,5758.0,5978.92637974401,1491.47926881002,3112.1214275636403,235.035011669577,0.30616160375261897,True,42,
5813055048,1335,2969,2969,10564,Traced,DC2_adPN_R,1698617257,False,right,DC2_adPN,DC2_adPN,uPN,AVM01,DC2,2.263,2.0,8286.0,2268.0,492.0,2452.0,3090.1889869094603,814.6236201539721,1557.15317546586,247.99514130065398,0.270630697856123,True,13,
1828206773,1367,3260,3260,11195,Traced,DC2_adPN_R,2095358321,True,right,DC2_adPN,DC2_adPN,uPN,AVM01,DC2,2.233,2.0,8797.0,2365.0,354.0,2887.0,3406.72083822278,750.454134524191,1813.4940093485397,238.838791161504,0.334231477376538,True,13,
1857825571,799,2109,2109,6837,Traced,DC3_adPN_R,1307932780,True,right,DC3_adPN,DC3_adPN,uPN,AVM01,DC3,2.164,2.0,5248.0,1515.0,129.0,1964.0,2418.3287455684303,430.890610716177,1340.12409544814,216.715887995162,0.382357326965158,True,15,
5813039471,930,2337,2337,8059,Traced,DC3_adPN_R,1838080396,True,right,DC3_adPN,DC3_adPN,uPN,AVM01,DC3,2.138,2.0,6120.0,1922.0,158.0,2165.0,2532.52382726641,422.43281777450204,1418.50727215706,223.747887646755,0.353854795500724,True,15,
1858171399,863,2115,2115,7279,Traced,DC3_adPN_R,1370378701,False,right,DC3_adPN,DC3_adPN,uPN,AVM01,DC3,2.198,2.0,5717.0,1538.0,183.0,1918.0,2397.82780395128,406.392101196959,1303.24161484756,241.942190886283,0.3597865596179461,True,15,
5813056596,1744,3694,3694,13551,Traced,DC4_adPN_R,3033752223,True,right,DC4_adPN,DC4_adPN,uPN,AVM01,DC4,2.145,2.0,10386.0,2832.0,540.0,3128.0,3840.1780956312,921.090167943411,1957.3226575223,229.63187281287398,0.29005705089236306,True,45,
1447201088,107,474,474,1060,Traced,DC4_vPN_R,259003317,False,right,DC4_vPN,DC4_vPN,uPN,AVM04,DC4,2.1430000000000002,2.0,1027.0,0.0,79.0,391.0,1394.04817866468,310.035338261133,646.581627501693,238.368156815485,0.6944719045850181,False,107,
697848868,112,338,338,1105,Traced,DC4_vPN_R,246300659,False,right,DC4_vPN,DC4_vPN,uPN,AVM04,DC4,2.233,2.0,1067.0,3.0,87.0,243.0,1239.4552773225698,272.024809163798,528.709202878027,231.976203136906,0.575241205687991,False,107,
1700937093,1377,4313,4313,10523,Traced,DL1_adPN_R,2436084582,True,right,DL1_adPN,DL1_adPN,uPN,AVM01,DL1,2.156,2.0,7192.0,3313.0,391.0,3898.0,3765.35727280099,662.025083838029,2228.85590632055,228.301662666731,0.26860977038350003,True,20,
1700946301,1478,4430,4430,11204,Traced,DL1_adPN_R,2059340083,False,right,DL1_adPN,DL1_adPN,uPN,AVM01,DL1,2.149,2.0,7592.0,3469.0,374.0,4021.0,3694.5616088826,656.168157431762,2294.58952412448,214.261491311035,0.276043448298629,True,20,
1756579280,442,1334,1334,2994,Traced,DL2d_adPN_R,898636552,True,right,DL2d_adPN,DL2d_adPN,uPN,AVM01,DL2d,2.181,2.0,1976.0,1018.0,154.0,1167.0,1662.61051473655,275.077206589037,880.761899310502,239.72466241919201,0.22410700567058803,True,19,
1793351401,347,1006,1006,2255,Traced,DL2d_adPN_R,716425399,True,right,DL2d_adPN,DL2d_adPN,uPN,AVM01,DL2d,2.177,2.0,1453.0,789.0,130.0,865.0,1455.99614701336,268.915312865786,716.303075358118,215.389664704623,0.20179805375636398,True,19,
823314446,185,175,175,1932,Traced,DL2d_vPN_R,508522042,True,right,DL2d_vPN,DL2d_vPN,uPN,AVM04,DL2d,2.688,3.0,1827.0,0.0,19.0,146.0,1124.9585044192,245.250272772645,381.395212543295,249.70242346927103,0.8139600296793058,False,156,
788648194,855,2358,2358,6154,Traced,DL2d_adPN_R,1618180461,True,right,DL2d_adPN,DL2d_adPN,uPN,AVM01,DL2d,2.17,2.0,4024.0,2108.0,276.0,2067.0,2447.6280475610397,372.192577121316,1431.3689487148902,247.423523247913,0.21577506098884602,True,19,
1793014716,711,2054,2054,4999,Traced,DL2d_adPN_R,1337086489,True,right,DL2d_adPN,DL2d_adPN,uPN,AVM01,DL2d,2.173,2.0,3326.0,1669.0,250.0,1791.0,2156.7290532755,346.30832023456003,1172.29104326698,253.531709258882,0.22064305534446801,True,19,
5813024710,655,1763,1763,4191,Traced,DL2d_adPN_R,1227518816,True,right,DL2d_adPN,DL2d_adPN,uPN,AVM01,DL2d,2.182,2.0,2637.0,1538.0,179.0,1572.0,2033.49353552573,304.18349391063,1150.72546223839,244.070138257854,0.215466197876042,True,19,
1734420152,660,2091,2091,4885,Traced,DL2v_adPN_R,1393403634,True,right,DL2v_adPN,DL2v_adPN,uPN,AVM01,DL2v,2.206,2.0,3640.0,1225.0,214.0,1867.0,2259.70578302435,385.80585305709,1270.77676840823,210.15142181925498,0.31551917962576503,True,10,
5813038793,923,2829,2829,6524,Traced,DL2v_adPN_R,1821841249,True,right,DL2v_adPN,DL2v_adPN,uPN,AVM01,DL2v,2.1790000000000003,2.0,4680.0,1844.0,343.0,2476.0,2640.30713222941,419.704685840019,1571.8776305449699,238.22926940875197,0.26590976045129,True,10,
5813039465,943,2991,2991,6847,Traced,DL2v_adPN_R,1852018441,True,right,DL2v_adPN,DL2v_adPN,uPN,AVM01,DL2v,2.2030000000000003,2.0,5105.0,1735.0,325.0,2648.0,2698.1729805241603,398.094530680517,1632.62749771456,234.580058384487,0.306761985742233,True,10,
1609883245,455,1554,1554,3589,Traced,DL3_lPN_R,885419077,True,right,DL3_lPN,DL3_lPN,uPN,AVM02,DL3,2.089,2.0,2790.0,718.0,132.0,1402.0,1713.34506326297,338.876909777102,803.0877538032761,324.70825057600604,0.388314977523306,True,95,
1609542060,1155,3620,3620,9554,Traced,DL3_lPN_R,2193171838,True,right,DL3_lPN,DL3_lPN,uPN,AVM02,DL3,2.1069999999999998,2.0,7956.0,1424.0,344.0,3258.0,2786.6687589995504,593.6331301958049,1446.84632446609,288.151866733281,0.43804486239595203,True,95,
1640568102,408,1321,1321,2943,Traced,DL3_lPN_R,860743173,True,right,DL3_lPN,DL3_lPN,uPN,AVM02,DL3,2.0980000000000003,2.0,2249.0,652.0,138.0,1170.0,1616.22314635257,385.39093664670196,689.687099661543,295.902271169524,0.34228326184570396,True,95,
1670934213,1527,3001,3001,12602,Traced,DL4_adPN_R,2442130340,False,right,DL4_adPN,DL4_adPN,uPN,AVM01,DL4,2.136,2.0,9775.0,2557.0,486.0,2480.0,2935.87251240984,830.213361430997,1304.1591240716198,291.458525669919,0.275964781092724,True,43,
693483018,2737,5145,5145,20997,Traced,DL5_adPN_R,4208099918,True,right,DL5_adPN,DL5_adPN,uPN,AVM01,DL5,2.182,2.0,15500.0,5377.0,655.0,4474.0,4615.6519713115795,1070.13125205195,2501.03013797125,229.190829731949,0.262140697885287,True,21,
542634818,4699,10523,10523,35473,Traced,DM1_lPN_R,8292412171,True,right,DM1_lPN,DM1_lPN,uPN,AVM02,DM1,2.15,2.0,28532.0,6792.0,2055.0,8427.0,9373.84459743371,2484.86552119162,4993.19388847454,192.40661485389998,0.269627411023967,True,97,
630714299,1884,4246,4246,15533,Traced,DM2_lPN_R,3518852200,True,right,DM2_lPN,DM2_lPN,uPN,AVM02,DM2,2.141,2.0,13180.0,2321.0,677.0,3554.0,4013.0731868557896,1091.9142764405199,1992.5397286584698,209.61617345756,0.351995747490006,True,102,
5901222910,1954,4061,4061,15790,Traced,DM2_lPN_R,3619170202,True,right,DM2_lPN,DM2_lPN,uPN,AVM02,DM2,2.141,2.0,13349.0,2425.0,644.0,3392.0,4009.92355580979,1085.62254693555,1942.4767661540698,210.085534358657,0.34467695176238394,True,102,
755518957,2321,4634,4634,18543,Traced,DM3_adPN_R,3306377252,True,right,DM3_adPN,DM3_adPN,uPN,AVM01,DM3,2.169,2.0,14838.0,3683.0,826.0,3784.0,4082.71943449758,1230.2908102074198,1964.80709352868,231.31577450997398,0.272059207815774,True,8,
1570685283,136,261,261,1196,Traced,DM3_vPN_R,255435182,False,right,DM3_vPN,DM3_vPN,uPN,AVM04,DM3,2.494,2.0,1157.0,0.0,112.0,143.0,1191.78857858779,387.69999504445803,330.57079698014,256.186574804827,0.43200586036922706,False,120,
604031203,235,244,244,2313,Traced,DM4_vPN_R,338812894,False,right,DM4_vPN,DM4_vPN,uPN,AVM04,DM4,3.042,3.0,2286.0,6.0,43.0,199.0,1232.32807705911,384.160518973884,440.700180952267,239.802935868036,0.697710192108222,False,151,
573333835,3652,7556,7556,27605,Traced,DM4_adPN_R,6049979719,True,right,DM4_adPN,DM4_adPN,uPN,AVM01,DM4,2.188,2.0,21148.0,6378.0,1207.0,6326.0,6714.167456638671,1670.00284849784,3663.2129590053705,193.874826949568,0.259823185593825,True,37,
542652506,175,126,126,1570,Traced,DM4_vPN_R,285397401,False,right,DM4_vPN,DM4_vPN,uPN,AVM04,DM4,2.8289999999999997,3.0,1567.0,0.0,36.0,89.0,1102.0514917503099,348.151946945121,344.872625796659,233.37194719976398,0.61372558379588,False,151,
635416407,641,802,802,5545,Traced,DM5_lPN_R,1038502251,True,right,DM5_lPN,DM5_lPN,uPN,AVM02,DM5,2.3080000000000003,2.0,4877.0,554.0,241.0,545.0,1584.8303295282699,569.902525772751,431.372443277366,290.841855685616,0.265383473590747,True,85,
697485362,685,630,630,6036,Traced,DM5_lPN_R,1122273225,True,right,DM5_lPN,DM5_lPN,uPN,AVM02,DM5,2.333,2.0,5376.0,297.0,269.0,331.0,1484.34962051089,559.576542243172,305.695726111833,317.5043372138,0.233976688032632,True,85,
788306624,708,1883,1883,5491,Traced,DM6_adPN_R,1234778986,True,right,DM6_adPN,DM6_adPN,uPN,AVM01,DM6,2.116,2.0,4467.0,1007.0,177.0,1692.0,2071.36997338592,430.43207311416603,1113.6219654563902,191.05668094167703,0.391457810712974,True,41,
1764091241,736,2077,2077,5416,Traced,DM6_adPN_R,1445347095,True,right,DM6_adPN,DM6_adPN,uPN,AVM01,DM6,2.108,2.0,4228.0,1151.0,185.0,1862.0,2188.89203871061,421.38207001866897,1118.11227538387,249.70388066956698,0.36610962659963703,True,41,
5813070872,689,1624,1624,5387,Traced,DM6_adPN_R,1205572656,True,right,DM6_adPN,DM6_adPN,uPN,AVM01,DM6,2.126,2.0,4397.0,940.0,177.0,1434.0,1861.4380587203302,393.328257358095,915.9665314460229,226.165034230905,0.37730242919616297,True,41,
5813039235,681,1617,1617,5293,Traced,DM6_adPN_R,1250685149,True,right,DM6_adPN,DM6_adPN,uPN,AVM01,DM6,2.086,2.0,4288.0,993.0,169.0,1431.0,1864.35295251731,416.295520564419,919.108908777187,213.10855803473098,0.36778819477242297,True,41,
724816115,3373,7559,7559,25314,Traced,DP1l_adPN_R,5951985648,True,right,DP1l_adPN,DP1l_adPN,uPN,AVM03,DP1l,2.343,2.0,17949.0,7293.0,723.0,6814.0,6786.01713431046,1210.21882149833,4188.307015934311,181.78434344992402,0.274107557898984,True,31,
730213826,174,194,194,1782,Traced,DP1l_vPN_R,624763996,True,right,DP1l_vPN,DP1l_vPN,uPN,AVM04,DP1l,2.237,2.0,1642.0,0.0,20.0,170.0,1002.57715970747,258.766877014204,298.994676139187,244.268259112838,0.822594762909379,False,158,
635062078,5016,13176,13176,41278,Traced,DP1m_adPN_R,7904589399,True,right,DP1m_adPN,DP1m_adPN,uPN,,DP1m,2.227,2.0,32575.0,8635.0,2085.0,11059.0,9499.11837834129,2364.8532338157897,5746.35999631656,216.43782211065,0.288828846398637,True,44,
635048729,180,273,273,1871,Traced,DP1m_vPN_R,615424679,True,right,DP1m_vPN,DP1m_vPN,uPN,AVM04,DP1m,2.305,2.0,1768.0,4.0,17.0,246.0,1140.4298605500999,304.376351359656,370.59178450012604,251.35604705395,0.851221907560232,False,146,
666818300,1022,2635,2635,9476,Traced,V_l2PN_R,1803901652,True,right,V_l2PN,V_l2PN,uPN,AVM03,V,2.349,2.0,9217.0,172.0,843.0,1770.0,4719.0482979178105,1446.17863575681,2109.39181963132,288.760414978039,0.44700300044558794,False,180,AL-t1PN1 (Tanaka et al. JCN 2012)
2064165421,1312,3890,3890,11201,Traced,V_ilPN,1992113175,False,right,V_ilPN,V_ilPN,uPN,,V,2.166,2.0,7470.0,3208.0,232.0,3647.0,3409.68011711391,595.9367036864969,2294.02617220126,149.423696463506,0.31525544914736897,True,0,
698508565,1385,3939,3939,12273,Traced,V_ilPN,1951408435,False,right,V_ilPN,V_ilPN,uPN,,V,2.133,2.0,1483.0,1484.0,1753.0,1929.0,2641.1538258812197,1103.95041617887,1116.79252537618,40.131241664140504,0.00040522905082907,True,0,
5813055162,1119,2722,2722,9073,Traced,VA1d_adPN_R,1975646808,True,right,VA1d_adPN,VA1d_adPN,uPN,AVM01,VA1d,2.129,2.0,6452.0,2610.0,152.0,2550.0,2751.26841308757,425.20105752556,1614.5705986120802,221.852655346877,0.321749280103667,True,18,
850375847,905,2470,2470,7567,Traced,VA1d_adPN_R,1613120035,True,right,VA1d_adPN,VA1d_adPN,uPN,AVM01,VA1d,2.13,2.0,5281.0,2254.0,168.0,2277.0,2309.3022304118103,372.411842864569,1338.18207328653,227.926151085592,0.299832271680825,True,17,
1851061177,1206,3063,3063,9871,Traced,VA1d_adPN_R,1979786363,True,right,VA1d_adPN,VA1d_adPN,uPN,AVM01,VA1d,2.13,2.0,6945.0,2904.0,178.0,2864.0,2921.13821611879,430.25652050270105,1788.1400131428898,235.032735513592,0.314220340947359,True,18,
1888524453,412,1413,1413,4852,Traced,VA1d_vPN_R,1268414095,True,right,VA1d_vPN,VA1d_vPN,uPN,AVM04,VA1d,2.108,2.0,4676.0,13.0,89.0,1317.0,2241.12610597769,614.303504299729,1070.0738370106,224.616462663829,0.8433970074539431,False,159,
5813054697,1034,2764,2764,7798,Traced,VA1v_adPN_R,1912528514,True,right,VA1v_adPN,VA1v_adPN,uPN,AVM01,VA1v,2.1180000000000003,2.0,5639.0,2152.0,208.0,2545.0,3252.6407546036403,464.08620601044197,1911.7943441463601,242.49201304978402,0.316621645196711,True,16,
856071065,604,1908,1908,5995,Traced,VA1v_vPN_R,1533316879,True,right,VA1v_vPN,VA1v_vPN,uPN,AVM04,VA1v,2.222,2.0,5788.0,28.0,221.0,1674.0,2212.68956051841,475.11748275295196,1159.80739447946,211.66216424623101,0.746596120990062,False,160,
887105351,526,2139,2139,5455,Traced,VA1v_vPN_R,1514257865,True,right,VA1v_vPN,VA1v_vPN,uPN,AVM04,VA1v,2.178,2.0,5318.0,9.0,186.0,1949.0,2272.85412685875,428.399023237621,1263.0449435753699,208.18136840763302,0.805169469593922,False,160,
1788300760,979,2697,2697,7580,Traced,VA1v_adPN_R,1940652835,True,right,VA1v_adPN,VA1v_adPN,uPN,AVM01,VA1v,2.1180000000000003,2.0,5524.0,2035.0,205.0,2480.0,3127.7599125600395,474.47956731498596,1823.7746649547198,234.188113259636,0.32263587021409496,True,16,
5813024601,1111,3054,3054,8222,Traced,VA1v_adPN_R,2007499429,True,right,VA1v_adPN,VA1v_adPN,uPN,AVM01,VA1v,2.147,2.0,5918.0,2274.0,229.0,2808.0,3237.06747799554,485.76406179064696,1940.81622869073,241.90413007366902,0.31764092105988,True,16,
1977579449,3183,7125,7125,24913,Traced,VA2_adPN_R,4820393047,False,right,VA2_adPN,VA2_adPN,uPN,AVM01,VA2,2.1919999999999997,2.0,20024.0,4725.0,1484.0,5590.0,5542.72917048553,1579.4593864574,2829.96841916234,273.08319482492,0.25782255928812997,True,38,
1889253785,1403,3161,3161,11263,Traced,VA3_adPN_R,2239245203,True,right,VA3_adPN,VA3_adPN,uPN,AVM01,VA3,2.178,2.0,8640.0,2558.0,346.0,2784.0,3222.15710370255,580.9286395445,1838.4976720898,221.414295790122,0.31340107393228495,True,46,
5813055025,1454,3479,3479,11861,Traced,VA3_adPN_R,2432782663,True,right,VA3_adPN,VA3_adPN,uPN,AVM01,VA3,2.199,2.0,9037.0,2812.0,384.0,3066.0,3400.02193349656,615.316959478774,1991.77882164841,219.58925844199402,0.305238006066205,True,46,
1630051981,1992,3769,3769,16232,Traced,VA4_lPN_R,3441109541,True,right,VA4_lPN,VA4_lPN,uPN,AVM02,VA4,2.312,2.0,12218.0,3861.0,808.0,2943.0,3534.69708394151,1068.0623599943801,1634.2871574910098,194.059809815379,0.201166420783781,True,101,
574037281,827,2063,2063,6019,Traced,VA5_lPN_R,1716659255,True,right,VA5_lPN,VA5_lPN,uPN,AVM02,VA5,2.16,2.0,4163.0,1825.0,232.0,1817.0,2390.7248387120003,491.572959635439,1260.4184054971302,219.783814020773,0.24766641342488002,True,84,
574032862,801,2045,2045,6208,Traced,VA5_lPN_R,1682128864,True,right,VA5_lPN,VA5_lPN,uPN,AVM02,VA5,2.1719999999999997,2.0,4412.0,1764.0,235.0,1780.0,2415.05039084008,516.580372155346,1204.89588954832,230.24874512628503,0.258874245269627,True,84,
574374051,861,2138,2138,6377,Traced,VA5_lPN_R,1819540131,True,right,VA5_lPN,VA5_lPN,uPN,AVM02,VA5,2.167,2.0,4500.0,1842.0,265.0,1849.0,2476.07523896054,497.06284163874903,1283.1662578390499,237.100408878066,0.24679684481921102,True,84,
1881751117,2608,5700,5700,21863,Traced,VA6_adPN_R,3819920478,False,right,VA6_adPN,VA6_adPN,uPN,AVM01,VA6,2.207,2.0,17253.0,4380.0,698.0,4967.0,4444.45450035605,1096.34618460965,2501.0872538355397,250.869989036301,0.32487640872949997,True,6,
1692817033,1822,2994,2994,14402,Traced,VA7l_adPN_R,2578008393,False,right,VA7l_adPN,VA7l_adPN,uPN,AVM01,VA7l,2.359,2.0,9283.0,4961.0,392.0,2571.0,3112.27030620237,786.45776971518,1632.4004247396301,237.316150103119,0.18071843486065303,True,14,
1882083076,705,1721,1721,5308,Traced,VA7m_lPN_R,1233250315,True,right,VA7m_lPN,VA7m_lPN,uPN,AVM02,VA7m,2.1959999999999997,2.0,4018.0,1271.0,238.0,1459.0,2018.4561382993202,438.679768186064,1018.9867570182,220.116217296381,0.27620193594537,True,99,
5813050729,718,1806,1806,5445,Traced,VA7m_lPN_R,1394097506,True,right,VA7m_lPN,VA7m_lPN,uPN,AVM02,VA7m,2.214,2.0,4172.0,1257.0,257.0,1532.0,2221.8008922397103,470.59237984836096,1111.08437905004,225.96723208964198,0.282341709476089,True,99,
5813055180,653,1613,1613,4804,Traced,VA7m_lPN_R,1182504167,True,right,VA7m_lPN,VA7m_lPN,uPN,AVM02,VA7m,2.211,2.0,3571.0,1188.0,228.0,1368.0,1979.43540015605,385.412126632515,1006.2901957344199,224.211670399361,0.266314419684814,True,99,
606090268,2362,4489,4489,18776,Traced,VC1_lPN_R,3897463029,True,right,VC1_lPN,VC1_lPN,uPN,AVM02,VC1,2.314,2.0,12416.0,6332.0,616.0,3856.0,4475.40788743541,1036.6140332275302,2340.6201358640196,220.462103166626,0.187909011330772,True,103,
1850706912,1985,3886,3886,15509,Traced,VC2_lPN_R,3210399523,True,right,VC2_lPN,VC2_lPN,uPN,AVM02,VC2,2.238,2.0,11286.0,4201.0,683.0,3181.0,3638.6878469219,1027.92096795579,1702.99111498912,222.24051935137,0.20771855924556099,True,98,
1914823337,885,2422,2422,6424,Traced,VC3l_adPN_R,1618282186,True,right,VC3l_adPN,VC3l_adPN,uPN,AVM01,VC3l,2.275,2.0,4706.0,1710.0,320.0,2087.0,2498.8406377680603,506.11422397933404,1350.51658151926,202.16006298166099,0.26429404963154396,True,35,
693125078,836,2101,2101,6484,Traced,VC3l_adPN_R,1597006614,True,right,VC3l_adPN,VC3l_adPN,uPN,AVM01,VC3l,2.224,2.0,5043.0,1432.0,379.0,1715.0,2494.27146853225,555.179648518356,1180.69467718486,202.84585696874402,0.256560407812094,True,35,
5813000276,854,2122,2122,6674,Traced,VC3l_adPN_R,1652928464,True,right,VC3l_adPN,VC3l_adPN,uPN,AVM01,VC3l,2.235,2.0,5152.0,1498.0,398.0,1709.0,2535.6766801577696,619.3311218103,1289.0091733972802,200.73377788174702,0.244996873065824,True,35,
1818307672,743,1107,1107,5719,Traced,VC3m_lvPN_R,1319334012,True,right,VC3m_lvPN,VC3m_lvPN,uPN,AVM06,VC3m,2.256,2.0,4584.0,1131.0,216.0,884.0,1704.2020917406398,428.815323708424,775.249784052894,211.739969060199,0.24892042943386397,True,52,
1442819296,1094,1718,1718,9280,Traced,VC3m_lvPN_R,1784944164,True,right,VC3m_lvPN,VC3m_lvPN,uPN,AVM06,VC3m,2.252,2.0,7874.0,1372.0,296.0,1412.0,2208.44741187487,551.950409890269,1058.5939409695,224.300101051963,0.324657706205044,True,51,
662776660,1242,2267,2267,10558,Traced,VC3m_lvPN_R,1950510178,True,right,VC3m_lvPN,VC3m_lvPN,uPN,AVM06,VC3m,2.267,2.0,8890.0,1654.0,350.0,1904.0,2458.20840774236,564.079357537331,1294.33572721738,212.34170814037398,0.337516712073212,True,51,
788306724,808,2131,2131,6046,Traced,VC4_adPN_R,1362016069,False,right,VC4_adPN,VC4_adPN,uPN,AVM01,VC4,2.222,2.0,4497.0,1546.0,194.0,1923.0,2405.75627328857,465.47120629599004,1284.7445443864199,204.06828606073003,0.316697520869245,True,40,
754854077,747,1199,1199,6330,Traced,VC4_adPN_R,1108000278,True,right,VC4_adPN,VC4_adPN,uPN,AVM01,VC4,2.266,2.0,5718.0,606.0,258.0,922.0,1702.6751103859601,478.42938169913805,678.806586472461,228.054972577779,0.36004844830868105,True,40,
5813055147,1005,2371,2371,7980,Traced,VC4_adPN_R,1638305176,True,right,VC4_adPN,VC4_adPN,uPN,AVM01,VC4,2.182,2.0,6314.0,1657.0,278.0,2081.0,2542.35012523124,566.097373566044,1316.13068746003,199.668711259556,0.32992194970363103,True,40,
632751823,151,203,203,1174,Traced,VC5_lvPN_R,354275846,True,right,VC5_lvPN,VC5_lvPN,uPN,AVM06,VC5,2.09,2.0,1012.0,0.0,46.0,155.0,1110.74095033301,241.06362177547902,342.539338010436,300.483932607224,0.652587428473006,False,74,
636789080,2589,6306,6306,21000,Traced,VC5_adPN_R,4577542160,True,right,VC5_adPN,VC5_adPN,uPN,AVM01,VC5,2.25,2.0,15450.0,5415.0,809.0,5457.0,5582.18288847676,994.256170497824,3466.7278975326003,220.429402123143,0.266701898719293,True,28,
5812995098,173,177,177,1403,Traced,VC5_lvPN_R,385628730,True,right,VC5_lvPN,VC5_lvPN,uPN,AVM06,VC5,2.065,2.0,1249.0,0.0,29.0,136.0,1186.8415364026598,300.52174545505903,261.960283742013,309.631479904015,0.7282169516420419,False,74,
1849684319,162,210,210,1231,Traced,VC5_lvPN_R,391093063,True,right,VC5_lvPN,VC5_lvPN,uPN,AVM06,VC5,2.0380000000000003,2.0,1205.0,0.0,36.0,165.0,1095.92264012385,267.30650259162104,293.036407395754,309.976963309395,0.7175870013308001,False,74,
1788685103,489,585,585,4869,Traced,M_l2PN10t19_R,918388165,True,right,M_l2PN10t19,M_l2PN10t19,mPN,AVM03,mPN,2.7969999999999997,3.0,4132.0,724.0,189.0,389.0,1830.9450955119698,437.099810325726,786.984295516227,104.648865206677,0.18724398007906198,False,185,
757556799,696,1589,1589,7270,Traced,VL1_vPN_R,1178150056,True,right,VL1_vPN,VL1_vPN,uPN,AVM04,VL1,2.437,2.0,7090.0,179.0,716.0,859.0,3110.75985954878,1219.96604807781,1091.69315808232,235.655252765223,0.30734688193051696,False,163,
2166133204,862,2677,2677,6860,Traced,VL1_ilPN,796521783,False,right,VL1_ilPN,VL1_ilPN,uPN,,VL1,2.164,2.0,3995.0,2833.0,278.0,2388.0,2882.9355139310496,381.089033581222,1946.62674718388,97.75588305648779,0.17890272824055803,True,3,
1912789965,906,3560,3560,6961,Traced,VL1_ilPN,1119350462,False,right,VL1_ilPN,VL1_ilPN,uPN,,VL1,2.154,2.0,3577.0,3374.0,265.0,3284.0,3466.24859796164,429.209208645577,2377.46116853064,212.248746622356,0.169458302723947,True,3,
1889883818,160,833,833,1608,Traced,VL2a_vPN_R,361595670,False,right,VL2a_vPN,VL2a_vPN,uPN,AVM04,VL2a,2.229,2.0,1474.0,81.0,73.0,755.0,1299.75475694471,211.032055878562,677.016934598563,235.83211857170102,0.6360341322754219,False,136,
5813069089,3100,6901,6901,23198,Traced,VL2a_adPN_R,4731364034,False,right,VL2a_adPN,VL2a_adPN,uPN,AVM01,VL2a,2.15,2.0,17020.0,6071.0,607.0,6262.0,5178.44937112857,894.125634508579,3367.9708701530603,227.46500248976398,0.306380888984504,True,47,
948834414,169,775,775,1839,Traced,VL2a_vPN_R,398114037,False,right,VL2a_vPN,VL2a_vPN,uPN,AVM04,VL2a,2.174,2.0,1836.0,3.0,58.0,699.0,1272.54602216095,235.033247810834,557.990647098702,247.063665017646,0.8221638548325508,False,136,
5813077810,165,605,605,1827,Traced,VL2a_vPN_R,407868767,False,right,VL2a_vPN,VL2a_vPN,uPN,AVM04,VL2a,2.239,2.0,1773.0,0.0,37.0,532.0,1267.61253838214,215.157230623751,522.029274136127,274.143461493598,0.860956206831855,False,136,
824353701,188,746,746,2199,Traced,VL2p_vPN_R,471561792,False,right,VL2p_vPN,VL2p_vPN,uPN,AVM04,VL2p,2.251,2.0,2058.0,11.0,31.0,714.0,1430.95572214626,219.132413698321,766.9772296617799,210.550963318483,0.865788782004378,False,148,
1944507292,3517,7287,7287,29739,Traced,VL2p_adPN_R,5755851674,True,right,VL2p_adPN,VL2p_adPN,uPN,,VL2p,2.234,2.0,22966.0,6724.0,914.0,6348.0,5853.0122155791105,1143.55561313407,3602.25139844984,234.650061018531,0.293664375145731,True,32,
1850711304,1459,2240,2240,11429,Traced,VM1_lPN_R,2803198577,True,right,VM1_lPN,VM1_lPN,uPN,AVM02,VM1,2.209,2.0,8725.0,2328.0,425.0,1790.0,2701.6884978102103,573.493326637921,1204.92783260175,225.800437228275,0.241534902647168,True,96,
727472481,575,317,317,4779,Traced,VM2_adPN_R,1050343056,True,right,VM2_adPN,VM2_adPN,uPN,AVM01,VM2,3.3,4.0,3553.0,747.0,147.0,131.0,1064.65857381108,305.783075511834,193.868582661673,305.63694064201,0.0572780675002883,True,36,
697132371,562,237,237,4974,Traced,VM2_adPN_R,1061334038,True,right,VM2_adPN,VM2_adPN,uPN,AVM01,VM2,3.737,4.0,3765.0,730.0,137.0,59.0,987.336935200605,280.509814569383,106.907917764544,328.398997759134,0.0135720600491694,True,36,
1977916288,1055,1214,1214,8234,Traced,VM3_adPN_R,1398723041,False,right,VM3_adPN,VM3_adPN,uPN,AVM01,VM3,2.781,3.0,7103.0,1090.0,445.0,738.0,1890.75059420608,626.902491400272,581.542224195977,303.803060034637,0.177149124984282,True,29,
1851389175,1019,1205,1205,8172,Traced,VM3_adPN_R,1805679417,True,right,VM3_adPN,VM3_adPN,uPN,AVM01,VM3,2.5980000000000003,3.0,7304.0,772.0,501.0,674.0,1987.0441606345998,676.625466464591,481.771937384309,306.629633989606,0.18808004849561497,True,29,
694834412,1339,1993,1993,10304,Traced,VM4_adPN_R,1956719743,False,right,VM4_adPN,VM4_adPN,uPN,AVM01,VM4,2.199,2.0,8153.0,2064.0,458.0,1517.0,2547.23541194934,769.845995424009,1138.25599819675,216.676252173456,0.216827007928502,True,39,
726207450,400,1123,1123,2990,Traced,VM4_lvPN_R,938741133,True,right,VM4_lvPN,VM4_lvPN,uPN,AVM06,VM4,2.1590000000000003,2.0,2426.0,439.0,146.0,969.0,1404.1858520797698,248.530304165847,701.468200829288,236.146895239942,0.39236944596661605,True,52,
1850024931,351,779,779,2787,Traced,VM4_lvPN_R,766247169,True,right,VM4_lvPN,VM4_lvPN,uPN,AVM06,VM4,2.18,2.0,2407.0,342.0,103.0,653.0,1218.39771668729,167.712343242931,528.574134298809,300.43883522534304,0.41449205598519506,True,52,
1914140664,553,1883,1883,4163,Traced,VM5d_adPN_R,874161734,False,right,VM5d_adPN,VM5d_adPN,uPN,AVM01,VM5d,2.129,2.0,2868.0,1104.0,323.0,1523.0,1980.1353632111397,482.1866646345599,904.836093698553,250.567911534039,0.22060348134067603,True,11,
1888572074,476,1712,1712,3654,Traced,VM5d_adPN_R,954094867,True,right,VM5d_adPN,VM5d_adPN,uPN,AVM01,VM5d,2.11,2.0,2688.0,866.0,165.0,1508.0,1839.39737219823,348.411158938914,892.518094617809,272.477759372377,0.33228508194614,True,11,
1006258344,533,1853,1853,4017,Traced,VM5d_adPN_R,855995711,False,right,VM5d_adPN,VM5d_adPN,uPN,AVM01,VM5d,2.137,2.0,2903.0,1041.0,203.0,1622.0,1862.8366328575303,366.17130680779405,961.603901613636,257.932816186008,0.29675148040249893,True,11,
1914823414,583,2115,2115,4329,Traced,VM5d_adPN_R,944238847,True,right,VM5d_adPN,VM5d_adPN,uPN,AVM01,VM5d,2.121,2.0,2986.0,1281.0,169.0,1901.0,2074.64322471265,342.32690461436,1144.99346132065,255.59152558361,0.29967394838359,True,11,
5813024712,413,1405,1405,3525,Traced,VM5d_adPN_R,633157617,False,right,VM5d_adPN,VM5d_adPN,uPN,AVM01,VM5d,2.108,2.0,2765.0,745.0,153.0,1208.0,1487.4457106908899,350.641836784227,675.672648217883,252.933676345552,0.34213530786915697,True,11,
2010992546,724,2340,2340,5205,Traced,VM5v_adPN_R,1491508613,True,right,VM5v_adPN,VM5v_adPN,uPN,AVM01,VM5v,2.105,2.0,3548.0,1621.0,249.0,2073.0,2424.37187973717,448.947055853261,1335.6585909708099,204.391627509631,0.255675160092432,True,12,
5813034571,797,2354,2354,5829,Traced,VM5v_adPN_R,1501491651,True,right,VM5v_adPN,VM5v_adPN,uPN,AVM01,VM5v,2.15,2.0,3957.0,1841.0,256.0,2085.0,2439.78649096686,443.90221717032205,1361.58103212863,214.13921464544998,0.246697536093555,True,12,
1851393805,1213,2371,2371,9102,Traced,VM7d_adPN_R,1920238853,True,right,VM7d_adPN,VM7d_adPN,uPN,AVM01,VM7d,2.182,2.0,6861.0,2166.0,286.0,2048.0,2600.2525702903,563.083757041909,1343.9931635578,210.708856813685,0.285933924864102,True,33,
5813050727,1420,2480,2480,10794,Traced,VM7d_adPN_R,2197593652,True,right,VM7d_adPN,VM7d_adPN,uPN,AVM01,VM7d,2.24,2.0,8294.0,2477.0,337.0,2121.0,2754.85950075949,560.8821360667121,1397.52643251465,198.552586006873,0.276249994225034,True,33,
1889253763,962,1750,1750,7194,Traced,VM7v_adPN_R,1475495275,True,right,VM7v_adPN,VM7v_adPN,uPN,AVM01,VM7v,2.182,2.0,5545.0,1585.0,243.0,1478.0,2106.2936326459303,515.372195933791,976.032485591693,233.882958230612,0.282225541131895,True,34,
693479072,987,2080,2080,7236,Traced,VM7v_adPN_R,1605547805,False,right,VM7v_adPN,VM7v_adPN,uPN,AVM01,VM7v,2.171,2.0,5179.0,1900.0,167.0,1869.0,2389.4663526051604,467.12902886377196,1230.1149161009698,231.179928961781,0.306894121353937,True,34,
947513805,105,299,299,1024,Traced,M_vPNml62_R,229235863,False,right,M_vPNml62,M_vPNml62,mPN,AVM04,mPN,2.967,3.0,983.0,41.0,37.0,261.0,972.493783187049,186.40368127289102,435.463613585079,192.39731350038602,0.604563782505863,False,131,
5812983053,157,326,326,1699,Traced,M_vPNml60_R,303450779,False,right,M_vPNml60,M_vPNml60,mPN,AVM04,mPN,2.4130000000000003,2.0,1558.0,92.0,46.0,270.0,1107.04824091761,130.651623168747,582.856577403877,225.12005607586102,0.522476960975663,False,135,
1639234609,568,1655,1655,4721,Traced,VP1d_il2PN(dALT),875462913,False,right,VP1d_il2PN,VP1d_il2PN,uPN,,VP1d,2.589,3.0,2223.0,2242.0,77.0,1549.0,2012.5156646101398,248.300538545154,1265.1173837975,255.744034114813,0.17904227547008603,False,195,
1070613107,116,334,334,1242,Traced,M_vPNml61_R,298750503,True,right,M_vPNml61,M_vPNml61,mPN,AVM04,mPN,2.822,3.0,1176.0,58.0,27.0,304.0,1068.0370676055802,160.32417588855802,475.74120249781197,201.63852357222302,0.6427005604414039,False,131,
1639243580,612,2062,2062,5174,Traced,VP1d_il2PN(dALT),954713779,False,right,VP1d_il2PN,VP1d_il2PN,uPN,,VP1d,2.515,3.0,2628.0,2487.0,97.0,1948.0,2391.5619471636,282.821525661647,1563.8499678443302,267.058056936506,0.19213010529049102,False,195,
976830572,155,399,399,1678,Traced,M_vPNml60_R,274168714,False,right,M_vPNml60,M_vPNml60,mPN,AVM04,mPN,2.395,2.0,1580.0,74.0,25.0,368.0,1174.0579053852198,126.79124968872298,682.558128949359,196.37061409685,0.671847175461385,False,135,
1039237469,146,380,380,1843,Traced,M_vPNml61_R,256754417,False,right,M_vPNml61,M_vPNml61,mPN,AVM04,mPN,2.911,3.0,1783.0,43.0,53.0,326.0,1194.27957118853,180.105900170704,619.335232658382,209.85965876760503,0.631403595744082,False,133,
975457916,151,298,298,1478,Traced,M_vPNml60_R,242312401,False,right,M_vPNml60,M_vPNml60,mPN,AVM04,mPN,2.4130000000000003,2.0,1379.0,99.0,22.0,266.0,1067.61761654017,154.050705699129,566.222502253278,214.655107309625,0.58423575406431,False,135,
5901222731,2113,4087,4087,15948,Traced,VP1d+VP4_l2PN2(lALT)_R,2904336647,True,right,VP1d+VP4_l2PN2,VP1d+VP4_l2PN2,biPN,AVM03,VP1d,2.832,3.0,8862.0,6869.0,770.0,3304.0,5124.97345322275,865.717112105208,2607.52983970373,243.75138009410801,0.09618448977788199,False,181,
1727979406,2277,4279,4279,19720,Traced,VP1d+VP4_l2PN1_R,3982040129,True,right,VP1d+VP4_l2PN1,VP1d+VP4_l2PN1,biPN,AVM03,VP1d,2.708,3.0,14756.0,4532.0,1099.0,3152.0,4951.54068663656,1225.4447870803199,2697.8274866680604,249.33160528567402,0.172922426803412,False,179,
509626405,206,431,431,2004,Traced,VP1l+_lvPN_R,491985910,True,right,VP1l+_lvPN,VP1l+_lvPN,uPN,AVM06,VP1l,2.09,2.0,1971.0,18.0,91.0,329.0,1551.50455850728,369.568886678193,631.673348828298,207.86383924047698,0.601927591061156,False,69,
5812996748,179,536,536,1668,Traced,VP1l+_lvPN_R,550430863,True,right,VP1l+_lvPN,VP1l+_lvPN,uPN,AVM06,VP1l,2.151,2.0,1511.0,157.0,134.0,394.0,1627.6403980072198,369.17414958391197,700.4289160134019,220.258756383022,0.34476865382444605,False,69,
2289223313,163,354,354,1599,Traced,VP1l+_lvPN_R,423680388,True,right,VP1l+_lvPN,VP1l+_lvPN,uPN,AVM06,VP1l,2.077,2.0,1549.0,44.0,95.0,257.0,1288.3946089452802,332.14614645169496,422.91416117324303,213.522489732971,0.46911886193762103,False,69,
850717220,584,1067,1067,5665,Traced,VP1l+VP3_ilPN,847941119,False,right,VP1l+VP3_ilPN,VP1l+VP3_ilPN,biPN,,VP1l,2.1430000000000002,2.0,2282.0,3124.0,104.0,952.0,2284.22709924933,215.200510001311,1529.6482503288598,47.8040761599323,0.0814816212082353,False,1,
603785283,693,1362,1362,6529,Traced,VP1l+VP3_ilPN,998921705,False,right,VP1l+VP3_ilPN,VP1l+VP3_ilPN,biPN,,VP1l,2.1430000000000002,2.0,5646.0,811.0,243.0,1101.0,2861.11671293766,610.7021718248001,1434.5203285670002,207.286791064544,0.35394930362988003,False,1,
5813040515,796,1733,1733,7076,Traced,VP3+VP1l_ivPN,1209862942,False,right,VP3+VP1l_ivPN,VP3+VP1l_ivPN,biPN,,VP1l,2.504,2.0,5312.0,1686.0,164.0,1548.0,2047.2470139435,361.944603887184,1279.1029519694198,173.71252500915799,0.31066746031757697,False,196,
1755556097,809,1513,1513,7030,Traced,VP3+VP1l_ivPN,1206958451,False,right,VP3+VP1l_ivPN,VP3+VP1l_ivPN,biPN,,VP1l,2.478,2.0,5378.0,1617.0,150.0,1352.0,1812.60227742161,304.119422984248,1250.3545004189,58.7033832319255,0.30992626630383,False,196,
664814903,334,1085,1085,2747,Traced,VP1m+_lvPN(t2ALT)_R,914020772,True,right,VP1m+_lvPN,VP1m+_lvPN,uPN,AVM06,VP1m,2.386,2.0,2665.0,0.0,459.0,611.0,2826.82348967848,1115.621905965,967.326229948576,259.568549989164,0.41721612552664206,False,67,AL-t2PN1 (Tanaka et al. JCN 2012)
5813056072,2318,4336,4336,19533,Traced,VP1m_l2PN(lALT)_R,3134654673,True,right,VP1m_l2PN,VP1m_l2PN,uPN,AVM03,VP1m,2.424,2.0,13036.0,6272.0,592.0,3725.0,5409.774196930321,1221.33392179783,2955.8572267939003,252.12553235352996,0.19555715242948202,False,165,
663787020,361,1186,1186,3004,Traced,VP1m+_lvPN(t2ALT)_R,927306877,True,right,VP1m+_lvPN,VP1m+_lvPN,uPN,AVM06,VP1m,2.436,2.0,2828.0,148.0,436.0,726.0,2864.02596935296,1057.92309759237,1079.68849364452,257.678918803481,0.315896908523757,False,67,AL-t2PN1 (Tanaka et al. JCN 2012)
1943811736,212,624,624,1553,Traced,VP1m+VP2_lvPN2_R,410298145,True,right,VP1m+VP2_lvPN2,VP1m+VP2_lvPN2,biPN,AVM06,VP1m,2.204,2.0,1181.0,367.0,163.0,449.0,1700.75567787401,379.94860489661005,822.1807438965931,251.699513067998,0.178230325365691,False,58,
1943812176,288,568,568,2309,Traced,VP1m+VP2_lvPN2_R,378083399,False,right,VP1m+VP2_lvPN2,VP1m+VP2_lvPN2,biPN,AVM06,VP1m,2.19,2.0,1745.0,433.0,139.0,422.0,1813.13863992047,378.327793891003,934.1211845334351,232.30931426413997,0.216074850085437,False,58,
1975187675,272,708,708,2035,Traced,VP1m+VP2_lvPN2_R,510004282,True,right,VP1m+VP2_lvPN2,VP1m+VP2_lvPN2,biPN,AVM06,VP1m,2.242,2.0,1636.0,398.0,208.0,493.0,1857.4171612459802,459.277561042811,903.8049959160879,235.953074310731,0.18914980911081303,False,58,
1944502935,549,1920,1920,5041,Traced,VP1m+VP5_ilPN,815129497,False,right,VP1m+VP5_ilPN,VP1m+VP5_ilPN,biPN,,VP1m,2.256,2.0,3786.0,1028.0,109.0,1803.0,2728.6135329395997,312.749483778887,1929.928472119,42.5061082063715,0.41417343662442796,False,4,
2069648663,425,1428,1428,4109,Traced,VP1m+VP5_ilPN,489361043,False,right,VP1m+VP5_ilPN,VP1m+VP5_ilPN,biPN,,VP1m,2.248,2.0,3561.0,487.0,103.0,1319.0,2217.50935303054,353.535024359097,1277.53456555656,182.22741793987302,0.514371555704342,False,4,
1858901026,910,1207,1207,6202,Traced,VP2+_adPN_R,1157645035,True,right,VP2+_adPN,VP2+_adPN,uPN,AVM01,VP2,2.609,3.0,6004.0,116.0,497.0,671.0,3312.1693612305894,1080.89475373385,1271.9499949558901,251.689822930448,0.350134480900662,False,50,
1975878958,1902,4276,4276,15171,Traced,VP2_adPN_R,2456584134,False,right,VP2_adPN,VP2_adPN,uPN,,VP2,2.594,3.0,9659.0,5120.0,454.0,3787.0,4677.27101120252,713.888842602186,2895.82090810711,200.60342961082802,0.214661435647846,False,24,
5813069447,819,1085,1085,6499,Traced,VP2_l2PN(lALT)_R,1418985794,True,right,VP2_l2PN,VP2_l2PN,uPN,AVM03,VP2,2.102,2.0,3567.0,2911.0,156.0,924.0,2803.23612804787,358.459259811117,1375.24381177181,222.08316215619598,0.10807633896411599,False,168,
1974846717,363,469,469,3017,Traced,MZ_lvPN(multiAL+SEZ)_R,711305309,True,right,MZ_lvPN,MZ_lvPN,mPN,AVM06,mPN,2.41,2.0,2223.0,726.0,170.0,263.0,1567.29673077213,484.829929734816,584.641095364092,225.80227626171,0.0833584755645836,False,58,
1225100939,535,726,726,4413,Traced,VP2+VC5_l2PN(lALT)_R,1239319825,True,right,VP2+VC5_l2PN,VP2+VC5_l2PN,biPN,AVM03,VP2,2.1919999999999997,2.0,3318.0,608.0,156.0,542.0,1950.71291273858,292.31598018553103,915.859011822538,298.029019465879,0.27033347485664105,False,184,
850708783,137,422,422,706,Traced,M_lvPNm48_R,392348935,True,right,M_lvPNm48,M_lvPNm48,mPN,AVM06,mPN,3.298,3.0,389.0,223.0,217.0,184.0,1326.38966744554,238.891143370792,535.165890596366,275.051101766741,0.0065922637020817704,False,57,
1881401277,309,527,527,2678,Traced,VP1m+VP2_lvPN1_R,589604067,True,right,VP1m+VP2_lvPN1,VP1m+VP2_lvPN1,biPN,AVM06,VP2,2.248,2.0,1947.0,583.0,144.0,358.0,1688.02516794577,474.065780114003,681.895015848562,229.11247275894797,0.15537775308338,False,58,
1912777226,151,418,418,838,Traced,M_lvPNm48_R,407096640,True,right,M_lvPNm48,M_lvPNm48,mPN,AVM06,mPN,3.048,3.0,502.0,255.0,214.0,182.0,1300.0676521096302,236.94828075686797,500.84737316996103,281.274351463421,0.0111160029895386,False,57,
1881059780,290,514,514,2349,Traced,VP1m+VP2_lvPN2_R,389695780,False,right,VP1m+VP2_lvPN2,VP1m+VP2_lvPN2,biPN,AVM06,VP2,2.195,2.0,1770.0,437.0,158.0,340.0,1833.0180301940698,464.032971533254,835.8384509066541,231.523691606885,0.164647705191421,False,58,
1975187554,139,379,379,815,Traced,M_lvPNm48_R,396845708,True,right,M_lvPNm48,M_lvPNm48,mPN,AVM06,mPN,2.887,3.0,544.0,216.0,195.0,167.0,1234.6757891635,232.54716865210202,444.92662246189496,270.409018812919,0.0237777121763701,False,57,
5813077788,313,258,258,2906,Traced,VP2+Z_lvPN(uniAL+SEZ)_R,465933744,False,right,VP2+Z_lvPN,VP2+Z_lvPN,uPN,AVM06,VP2andSEZ,2.5669999999999997,3.0,2316.0,478.0,83.0,145.0,1174.08303292975,388.124611931987,349.580908624594,254.959136401567,0.13560395438981698,False,79,
663432544,420,577,577,3117,Traced,VP3+_vPN(t10ALT)_R,1038645942,False,right,VP3+_vPN,VP3+_vPN,uPN,AVM04,VP3,2.0,2.0,3086.0,6.0,38.0,522.0,1580.77201669294,204.27052714219502,662.437995445946,289.014491169232,0.8478015590966341,False,157,
1883443112,651,1579,1579,3887,Traced,VP3+_l2PN(t10ALT)_R,1233153612,True,right,VP3+_l2PN,VP3+_l2PN,uPN,AVM03,VP3,2.004,2.0,1596.0,2276.0,40.0,1529.0,3143.30298242438,407.18918840061,1793.08750634651,125.307857432143,0.15810578072336598,False,171,
763730414,662,1185,1185,5662,Traced,M_smPNm1_L,1673483047,True,right,M_smPNm1,M_smPNm1,mPN,AVM19,mPN,3.057,3.0,3840.0,1683.0,413.0,745.0,3181.27253629328,919.763183211613,1378.532280016,204.88617945710098,0.0741492279510475,False,190,
1788680591,580,1204,1204,5859,Traced,M_l2PN10t19_R,1217699771,True,right,M_l2PN10t19,M_l2PN10t19,mPN,AVM03,mPN,2.764,3.0,5799.0,8.0,298.0,894.0,2442.52803765921,581.726961837385,1164.2076513684501,119.397404154734,0.6130900865868051,False,182,
1788676257,453,689,689,3607,Traced,VP3+_l2PN(t10ALT)_R,816814087,True,right,VP3+_l2PN,VP3+_l2PN,uPN,AVM03,VP3,2.0,2.0,2331.0,1275.0,40.0,637.0,1919.1917701959,282.54721580141,939.353479575658,119.179348629788,0.24050726328216102,False,169,
819993149,177,189,189,1101,Traced,M_lPNm11A_R,530321775,True,right,M_lPNm11A,M_lPNm11A,mPN,AVM02,mPN,2.7560000000000002,3.0,825.0,128.0,22.0,138.0,1432.10020116479,347.70737902775704,610.595052843497,257.302867823372,0.375413156855829,False,93,AL-mPN4 (Tanaka et al. JCN 2012) projection to LH/PLP
1630734360,226,358,358,1547,Traced,M_lPNm11A_R,589190367,True,right,M_lPNm11A,M_lPNm11A,mPN,AVM02,mPN,2.553,3.0,1287.0,198.0,39.0,306.0,1760.0002761742,538.509422183702,756.118159531868,186.07592887935502,0.420186787392198,False,92,AL-mPN4 (Tanaka et al. JCN 2012) projection to LH/PLP
543010474,840,664,664,9374,Traced,VP4+_vPN(mlALT)_R,1706357529,True,right,VP4+_vPN,VP4+_vPN,uPN,AVM04,VP4,2.1319999999999997,2.0,9212.0,0.0,111.0,538.0,2622.35524233156,938.038703078786,673.387723127851,246.454521253628,0.748375264355504,False,139,
634759240,721,1163,1163,9049,Traced,VP4_vPN(mlALT)_R,1533551542,True,right,VP4_vPN,VP4_vPN,uPN,AVM04,VP4,2.154,2.0,8962.0,63.0,279.0,848.0,2681.27939989145,858.769904127939,977.29081916608,185.831238330971,0.5817300487581,False,138,
1789013008,1050,2231,2231,8843,Traced,VP4+VL1_l2PN(t3ALT)_R,2498798286,True,right,VP4+VL1_l2PN,VP4+VL1_l2PN,biPN,AVM03,VP4,2.127,2.0,8106.0,663.0,240.0,1944.0,4065.30115086897,1143.01604232624,2086.32886586685,246.796994281764,0.530955999347606,False,187,AL-t3PN1 (Tanaka et al. JCN 2012)
5813083723,581,1127,1127,4167,Traced,M_l2PNm17_R,1372649248,True,right,M_l2PNm17,M_l2PNm17,mPN,AVM03,mPN,2.396,2.0,2618.0,1442.0,126.0,986.0,3371.9783422771,533.753352330788,1646.0373743176099,269.481859544412,0.20093919406248,False,174,
2069644133,449,1605,1605,3180,Traced,VP5+_l2PN(t10ALT)_R,737116254,True,right,VP5+_l2PN,VP5+_l2PN,uPN,AVM03,VP5,2.076,2.0,1401.0,1760.0,108.0,1490.0,2749.26277175224,381.150949136627,1609.12645200772,112.680323900807,0.13395595020615,False,172,
1888178718,983,3136,3136,10051,Traced,M_lv2PN9t49_R,1504419012,False,right,M_lv2PN9t49,M_lv2PN9t49,mPN,,mPN,2.66,3.0,3138.0,6656.0,72.0,3055.0,5865.83654693958,345.46259687388704,4749.45785073232,15.9413997415097,0.10606594594702,False,194,
5813063239,1296,1327,1327,10131,Traced,VP5+Z_adPN(uniAL+SEZ)_R,1737291905,False,right,VP5+Z_adPN,VP5+Z_adPN,uPN,AVM01,VP5,2.189,2.0,9732.0,124.0,225.0,1071.0,3331.7092375303996,1043.20575926415,1500.70758618552,297.162107683787,0.632285237297068,False,48,
2065197353,623,2302,2302,4060,Traced,VP5+VP3_l2PN(t10ALT)_R,1061326686,True,right,VP5+VP3_l2PN,VP5+VP3_l2PN,biPN,AVM03,VP5,2.08,2.0,2712.0,1337.0,1041.0,1247.0,3815.2802438965996,1504.70791079176,1212.4206125399,119.54787440777399,0.0335425486487518,False,170,
2038617453,401,1536,1536,3013,Traced,VP5+VP2_l2PN(t10ALT)_R,752739483,True,right,VP5+VP2_l2PN,VP5+VP2_l2PN,biPN,AVM03,VP5,2.0780000000000003,2.0,1430.0,1493.0,120.0,1403.0,2620.93176262236,463.438565359742,1472.4685438681602,126.093868550321,0.15023768746519198,False,175,
2100010400,370,1506,1506,2685,Traced,VP5+VP2_l2PN(t10ALT)_R,655972602,True,right,VP5+VP2_l2PN,VP5+VP2_l2PN,biPN,AVM03,VP5,2.145,2.0,1332.0,1242.0,113.0,1380.0,2571.2073998579604,447.141769178942,1494.83553090565,145.656939492177,0.17331761870099202,False,175,
480927537,82,276,276,692,Traced,M_vPNml70_R,240153322,False,right,M_vPNml70,M_vPNml70,mPN,AVM04,mPN,2.7230000000000003,3.0,641.0,7.0,131.0,137.0,1180.53374172547,429.05113807287995,258.31771860715196,249.189186075459,0.3144685949770639,False,119,
541632990,96,311,311,811,Traced,M_vPNml70_R,232227341,False,right,M_vPNml70,M_vPNml70,mPN,AVM04,mPN,2.717,3.0,715.0,19.0,158.0,144.0,1216.80536306541,402.522102074898,272.000179000118,266.743495131991,0.245847301531451,False,119,
791298858,101,148,148,918,Traced,M_vPNml84_R,223429859,False,right,M_vPNml84,M_vPNml84,mPN,AVM04,mPN,3.0460000000000003,3.0,870.0,0.0,61.0,83.0,894.148113209584,202.956040163849,304.564195810907,243.079066630325,0.45644567515261003,False,121,
729544359,94,155,155,984,Traced,M_vPNml84_R,221666682,False,right,M_vPNml84,M_vPNml84,mPN,AVM04,mPN,3.034,3.0,959.0,9.0,66.0,87.0,944.687030472733,259.280144937271,311.39098038647,232.34163825779203,0.38507368567796996,False,117,
5813045696,97,249,249,810,Traced,M_vPNml86_R,215540611,False,right,M_vPNml86,M_vPNml86,mPN,AVM04,mPN,2.978,3.0,770.0,0.0,155.0,92.0,1138.32322548131,440.77669729386497,227.26944835789502,245.40564129438098,0.258399875399421,False,112,
698526273,90,174,174,827,Traced,M_vPNml74_R,214657208,False,right,M_vPNml74,M_vPNml74,mPN,AVM04,mPN,2.8939999999999997,3.0,805.0,0.0,41.0,130.0,883.835805253315,171.033132945538,326.188859444786,230.699804465358,0.637685228133303,False,125,
759922408,137,345,345,1187,Traced,M_vPNml74_R,214265588,False,right,M_vPNml74,M_vPNml74,mPN,AVM04,mPN,2.461,3.0,1016.0,97.0,37.0,270.0,1098.75584636153,199.095159174511,416.519641569412,275.365496142814,0.49794206470098495,False,124,
760250511,129,159,159,1514,Traced,M_vPNml78_R,204561032,False,right,M_vPNml78,M_vPNml78,mPN,AVM04,mPN,2.87,3.0,1438.0,3.0,21.0,134.0,929.787676449176,258.648285967246,294.868996902677,227.12612198745498,0.7555497839784441,False,109,
5813090752,92,181,181,988,Traced,M_vPNml81_R,237647113,False,right,M_vPNml81,M_vPNml81,mPN,AVM04,mPN,2.8110000000000004,3.0,946.0,0.0,66.0,108.0,1179.79252681574,243.54074907927398,503.399084149222,238.44834587148497,0.4956112785576379,False,107,
1671638278,1862,6170,6170,13674,Traced,M_l2PNl20_R,4532055419,True,right,M_l2PNl20,M_l2PNl20,mPN,AVM03,mPN,2.07,2.0,10383.0,3275.0,512.0,5651.0,8424.150596773921,1714.8673418498402,5780.32255269125,130.133843260202,0.35436064280118196,False,186,
1793403571,939,2886,2886,9273,Traced,M_l2PNl22_R,2102922251,True,right,M_l2PNl22,M_l2PNl22,mPN,AVM03,mPN,2.165,2.0,9264.0,6.0,687.0,2188.0,5096.68166190923,1574.1170203118202,2461.17560968808,248.1274817759,0.61777058273089,False,178,
1701299822,689,2311,2311,5938,Traced,M_imPNl92_R,1079418449,False,right,M_imPNl92,M_imPNl92,mPN,,mPN,3.085,3.0,4895.0,1032.0,467.0,1835.0,3818.80892380445,620.269094815571,2688.96563736746,143.274125993311,0.290778562732924,False,189,
1917866877,927,2694,2694,7948,Traced,M_l2PNl23_R,1603186476,True,right,M_l2PNl23,M_l2PNl23,mPN,AVM03,mPN,2.8960000000000004,3.0,5259.0,2578.0,375.0,2296.0,4721.258760447439,666.077448169637,3128.71859961263,224.84498265476898,0.20283791327941395,False,183,
1700307582,1054,3017,3017,8839,Traced,M_l2PNl21_R,2303103158,True,right,M_l2PNl21,M_l2PNl21,mPN,AVM03,mPN,2.37,2.0,7644.0,1150.0,373.0,2628.0,5476.9573015203605,1112.54139309526,3417.5309674956898,243.214946373089,0.42743519726623297,False,188,
1037293275,1118,3040,3040,9077,Traced,M_l2PNm16_R,1881365149,False,right,M_l2PNm16,M_l2PNm16,mPN,AVM03,mPN,3.052,3.0,6847.0,1983.0,423.0,2593.0,5725.7582774361,908.161909991757,3645.5630384787605,224.928071735853,0.29402732265717896,False,167,
1671952694,903,1818,1818,9408,Traced,M_lvPNm24_R,1654655009,True,right,M_lvPNm24,M_lvPNm24,mPN,AVM06,mPN,2.309,2.0,9276.0,77.0,172.0,1634.0,5087.1528520475,1163.58153161816,2970.6038951651503,245.74327938047998,0.762462883840145,False,64,
5813024692,1024,6172,6172,8467,Traced,M_adPNm3_R,1759480667,True,right,M_adPNm3,M_adPNm3,mPN,,mPN,2.283,2.0,6511.0,1941.0,215.0,5946.0,8484.46024681596,1228.00470667693,6166.170704998521,131.870108795812,0.46195323994006104,False,27,
850703925,238,305,305,1776,Traced,M_lPNm11B_R,509334578,True,right,M_lPNm11B,M_lPNm11B,mPN,AVM02,mPN,2.6239999999999997,3.0,1362.0,315.0,56.0,230.0,1583.16779211493,290.971780155686,776.702495922244,238.84228370146,0.255240791099444,False,94,AL-mPN4 (Tanaka et al. JCN 2012) projection to LH/PLP
1733677514,1131,2842,2842,9340,Traced,M_l2PNm16_R,2172601561,True,right,M_l2PNm16,M_l2PNm16,mPN,AVM03,mPN,3.072,3.0,7137.0,2141.0,311.0,2512.0,5572.50640706823,684.043215437425,3648.15409602109,300.343972009104,0.315045221987654,False,167,
1794055377,1226,2058,2058,7926,Traced,M_l2PNm15_R,1528858698,True,right,M_l2PNm15,M_l2PNm15,mPN,AVM03,mPN,2.625,3.0,4302.0,3413.0,375.0,1642.0,4272.22706880814,544.912154576264,2498.58111406858,313.876316460603,0.0953244195261334,False,173,
577542489,809,1714,1714,7978,Traced,M_lvPNm24_R,1266381361,False,right,M_lvPNm24,M_lvPNm24,mPN,AVM06,mPN,2.281,2.0,7862.0,32.0,166.0,1530.0,4705.65725552418,981.558268932478,2844.94678391261,248.797708484427,0.78450954240779,False,64,
609924156,732,549,549,5728,Traced,M_lvPNm39_R,1127913038,True,right,M_lvPNm39,M_lvPNm39,mPN,AVM06,mPN,2.233,2.0,5398.0,270.0,206.0,320.0,2783.60511695162,1064.87863197513,938.5281230773039,337.606620407155,0.283669925964169,False,63,
1917188956,436,1156,1156,2756,Traced,M_lPNm11D_R,695063166,True,right,M_lPNm11D,M_lPNm11D,mPN,AVM02,mPN,2.565,3.0,1366.0,1299.0,125.0,997.0,2347.7314872653196,295.688261742799,1496.93030532578,235.779300156548,0.13047388348566002,False,100,AL-mPN4 (Tanaka et al. JCN 2012) no projection down to PLP
1671608112,600,1724,1724,4744,Traced,M_ilPNm90_R,757692834,False,right,M_ilPNm90,M_ilPNm90,mPN,,mPN,3.01,3.0,4000.0,698.0,111.0,1611.0,3759.3343821869703,474.57205627737,2773.65248867844,18.0226091656589,0.48425200366486204,False,2,
5812995328,293,667,667,2792,Traced,M_lvPNm26_R,608547418,True,right,M_lvPNm26,M_lvPNm26,mPN,AVM06,mPN,2.8930000000000002,3.0,2619.0,6.0,84.0,575.0,1911.5317530427699,418.78500701517197,931.050767811923,256.666106642253,0.752377677917831,False,66,
1693827279,291,896,896,2280,Traced,M_adPNm8_R,583187570,True,right,M_adPNm8,M_adPNm8,mPN,AVM01,mPN,2.427,2.0,1828.0,443.0,79.0,802.0,1840.67371009683,289.84452783625,951.221089781243,286.743991957245,0.389921228450731,False,26,
850708902,356,633,633,2690,Traced,M_lPNm11C_R,606507365,True,right,M_lPNm11C,M_lPNm11C,mPN,AVM02,mPN,2.577,3.0,1607.0,979.0,64.0,549.0,1998.6745684963603,255.465304855876,1211.9438633753,262.10002477792005,0.18784023156016297,False,94,AL-mPN4 (Tanaka et al. JCN 2012) no projection down to PLP
5812983069,272,508,508,2152,Traced,M_lPNm13_R,588025774,True,right,M_lPNm13,M_lPNm13,mPN,AVM02,mPN,2.661,2.0,1850.0,198.0,119.0,380.0,1972.7547127445998,583.283517812425,861.6902225998069,194.302311194607,0.348594718091584,False,87,
5813024799,265,519,519,2316,Traced,M_lPNm12_R,539174352,True,right,M_lPNm12,M_lPNm12,mPN,AVM02,mPN,3.128,3.0,1952.0,340.0,145.0,338.0,1926.2031091574802,674.666716178407,799.5859135901469,199.718076633326,0.22262290058107898,False,86,
5812992940,125,196,196,810,Traced,M_lvPNm46_R,532703771,True,right,M_lvPNm46,M_lvPNm46,mPN,AVM06,mPN,2.065,2.0,705.0,32.0,34.0,148.0,1260.37388513021,205.742723444007,444.30118433621396,299.873269148326,0.514323409251722,False,82,
757258507,317,245,245,2829,Traced,M_lvPNm45_R,481067477,True,right,M_lvPNm45,M_lvPNm45,mPN,AVM06,mPN,2.09,2.0,2726.0,23.0,63.0,177.0,1551.50146705884,534.777310213319,471.861573777968,316.031086359322,0.554170932478272,False,76,
1827473315,337,707,707,2969,Traced,M_lvPNm42_R,507679369,True,right,M_lvPNm42,M_lvPNm42,mPN,AVM06,mPN,2.826,3.0,2333.0,603.0,73.0,625.0,2082.18164224662,422.941913554884,1140.07955730498,245.533502121409,0.33737658744905,False,72,
1670969304,317,496,496,2538,Traced,M_lvPNm28_R,473599322,True,right,M_lvPNm28,M_lvPNm28,mPN,AVM06,mPN,2.9389999999999996,3.0,1945.0,519.0,84.0,400.0,1973.6079673118104,421.05917614541903,951.6717742664971,262.057303387174,0.256290179001937,False,78,
788945049,181,523,523,1382,Traced,M_adPNm8_R,457634378,True,right,M_adPNm8,M_adPNm8,mPN,AVM01,mPN,2.494,2.0,1100.0,179.0,68.0,442.0,1461.39782708944,248.432010799636,695.4270579659869,276.620544970251,0.40865638723446296,False,26,
1887163927,360,1223,1223,2114,Traced,M_lPNm11D_R,575283779,True,right,M_lPNm11D,M_lPNm11D,mPN,AVM02,mPN,2.569,3.0,1277.0,832.0,419.0,795.0,1907.8904752826002,765.040187074496,834.953306882013,53.225211060244206,0.0484948740917066,False,90,AL-mPN4 (Tanaka et al. JCN 2012) no projection down to PLP
730252777,308,475,475,2631,Traced,M_lvPNm41_R,440599913,True,right,M_lvPNm41,M_lvPNm41,mPN,AVM06,mPN,2.6239999999999997,3.0,2010.0,587.0,43.0,428.0,1720.85141091642,382.84944093560205,863.098132884655,249.560726925211,0.31596578066988895,False,71,
1504889437,176,251,251,1139,Traced,M_lvPNm38_R,420032698,True,right,M_lvPNm38,M_lvPNm38,mPN,AVM06,mPN,2.077,2.0,1047.0,3.0,63.0,185.0,1296.91346571658,404.33429917318904,411.657840256523,240.992391961144,0.593576067034279,False,75,
5813079228,266,449,449,2374,Traced,M_lvPNm30_R,411979157,True,right,M_lvPNm30,M_lvPNm30,mPN,AVM06,mPN,2.9589999999999996,3.0,2027.0,343.0,74.0,361.0,1871.88836885292,471.20995207774905,844.046124728432,278.03045258475896,0.33227460213436893,False,61,
1886132855,194,457,457,1643,Traced,M_adPNm7_R,407795600,True,right,M_adPNm7,M_adPNm7,mPN,AVM01,mPN,2.235,2.0,1344.0,289.0,58.0,396.0,1381.87170604621,469.58609913089896,633.400198248466,45.12715745990089,0.352363988571489,False,25,
1672293837,257,448,448,2412,Traced,M_lvPNm29_R,425982169,True,right,M_lvPNm29,M_lvPNm29,mPN,AVM06,mPN,3.045,3.0,2197.0,82.0,78.0,360.0,1671.9263127650102,369.40855329992996,730.3793138678819,265.095062951447,0.5402078879437371,False,62,
5901194250,185,251,251,1306,Traced,M_lvPNm37_R,364231991,True,right,M_lvPNm37,M_lvPNm37,mPN,AVM06,mPN,2.191,2.0,1089.0,178.0,58.0,185.0,1239.82558352766,346.66142186461406,447.95461523456703,221.78646024717702,0.27778628129933697,False,54,
757569579,150,140,140,1098,Traced,M_lvPNm44_R,424770310,True,right,M_lvPNm44,M_lvPNm44,mPN,AVM06,mPN,2.322,2.0,1033.0,14.0,24.0,103.0,1414.9204523076,338.850153047171,563.886997377707,332.61246907005403,0.608716421506841,False,77,
1762674761,131,417,417,1178,Traced,M_adPNm8_R,383643368,True,right,M_adPNm8,M_adPNm8,mPN,AVM01,mPN,2.454,2.0,942.0,155.0,61.0,345.0,1277.49879934082,158.051596758082,588.846802316413,300.532786964703,0.38477131016113797,False,25,
1849683877,131,185,185,805,Traced,M_lvPNm46_R,389666099,False,right,M_lvPNm46,M_lvPNm46,mPN,AVM06,mPN,2.102,2.0,697.0,13.0,30.0,143.0,1314.75945376353,184.33418603130798,538.319359643236,326.545418305704,0.611393336973324,False,82,
1765415970,330,497,497,2848,Traced,M_lvPNm41_R,354134565,False,right,M_lvPNm41,M_lvPNm41,mPN,AVM06,mPN,2.472,3.0,2219.0,552.0,55.0,431.0,1618.5172134439301,343.660994032504,752.800449197547,258.364964281903,0.320182908729705,False,71,
757591093,215,236,236,1871,Traced,M_lvPNm45_R,365802346,False,right,M_lvPNm45,M_lvPNm45,mPN,AVM06,mPN,2.102,2.0,1820.0,3.0,70.0,157.0,1444.93655277927,475.464656053655,385.003480748188,325.770929568209,0.5594910932782641,False,76,
762982753,186,648,648,1456,Traced,M_adPNm5_R,465363244,True,right,M_adPNm5,M_adPNm5,mPN,AVM01,mPN,2.201,2.0,1186.0,251.0,140.0,503.0,1736.3255178339903,448.523314563714,830.0367547472721,210.8368772016,0.279480309286953,False,23,
792024028,275,281,281,2449,Traced,M_lvPNm43_R,358708935,True,right,M_lvPNm43,M_lvPNm43,mPN,AVM06,mPN,2.9010000000000002,3.0,2218.0,210.0,57.0,214.0,1520.92166050276,472.14836103484004,586.487272506462,256.277133790704,0.36316448505779103,False,73,
792023887,273,191,191,2389,Traced,M_lvPNm45_R,348388892,False,right,M_lvPNm45,M_lvPNm45,mPN,AVM06,mPN,2.371,2.0,2252.0,118.0,62.0,117.0,1476.19034702484,579.223895694589,420.031864482933,251.626985535412,0.307924277564385,False,73,
788940872,213,441,441,1652,Traced,M_adPNm6_R,380031115,False,right,M_adPNm6,M_adPNm6,mPN,AVM01,mPN,2.191,2.0,1241.0,340.0,37.0,401.0,1550.7039323939002,487.42484933257896,759.2831114722909,44.383647444428604,0.357330851661048,False,49,
1795410644,279,385,385,2261,Traced,M_lvPNm41_R,323299990,False,right,M_lvPNm41,M_lvPNm41,mPN,AVM06,mPN,3.0210000000000004,3.0,1782.0,470.0,63.0,313.0,1576.49537887989,352.59847976533996,692.45148729477,257.887784924739,0.25699903355737197,False,71,
1732313117,264,436,436,1925,Traced,M_lvPNm40_R,315958873,False,right,M_lvPNm40,M_lvPNm40,mPN,AVM06,mPN,2.8560000000000003,3.0,1384.0,462.0,62.0,364.0,1613.43479065367,341.770886742928,760.149502269514,255.633998671481,0.249712070701147,False,70,
2040344064,164,385,385,1183,Traced,M_adPNm5_R,328551325,False,right,M_adPNm5,M_adPNm5,mPN,AVM01,mPN,2.147,2.0,866.0,293.0,38.0,343.0,1413.5074027791,543.7443375935981,624.079265044251,32.4143233530099,0.30766785890332005,False,23,
1916528384,177,317,317,1322,Traced,M_adPNm5_R,340913028,True,right,M_adPNm5,M_adPNm5,mPN,AVM01,mPN,2.178,2.0,975.0,347.0,34.0,274.0,1325.1254618666198,490.92224733309797,559.228846035817,41.8213836945989,0.272425810554871,False,22,
851684181,292,450,450,2600,Traced,M_lvPNm42_R,327922339,False,right,M_lvPNm42,M_lvPNm42,mPN,AVM06,mPN,2.991,3.0,2147.0,415.0,61.0,382.0,1730.35920649103,410.06412392308295,786.322466949783,264.236335176862,0.338888339534481,False,73,
1943811511,258,268,268,2055,Traced,M_lvPNm31_R,298893865,False,right,M_lvPNm31,M_lvPNm31,mPN,AVM06,mPN,2.835,3.0,1720.0,259.0,39.0,221.0,1411.1256138790302,257.876047814053,650.352325273539,272.206502862877,0.355398030643344,False,68,
697844568,140,372,372,1015,Traced,M_lvPNm40_R,187294564,False,right,M_lvPNm40,M_lvPNm40,mPN,AVM06,mPN,2.79,3.0,683.0,232.0,48.0,307.0,1253.21178216852,199.234629607823,565.050891097844,278.722902983972,0.275101598146473,False,70,
639276164,372,572,572,3450,Traced,M_lvPNm25_R,639780556,True,right,M_lvPNm25,M_lvPNm25,mPN,AVM06,mPN,2.241,2.0,3111.0,7.0,95.0,456.0,2038.6739832237301,394.734216536937,956.102505138741,276.323424228385,0.700934487530636,False,65,
1693486219,279,420,420,1966,Traced,M_lPNm13_R,535779538,True,right,M_lPNm13,M_lPNm13,mPN,AVM02,mPN,2.307,2.0,1766.0,162.0,94.0,317.0,1767.51707472376,513.9312781797499,735.542846468486,194.26742400497398,0.37580157186713703,False,87,
1912435859,176,371,371,1144,Traced,M_lvPNm47_R,342733079,False,right,M_lvPNm47,M_lvPNm47,mPN,AVM06,mPN,3.227,3.0,834.0,236.0,206.0,144.0,1362.40858463864,383.79376324234903,403.827105746928,299.79491105187304,0.0292495818221343,False,59,
1411784734,426,798,798,4053,Traced,M_lvPNm25_R,794116958,True,right,M_lvPNm25,M_lvPNm25,mPN,AVM06,mPN,2.251,2.0,3855.0,5.0,86.0,687.0,2719.30040896535,434.267368911527,1565.31984999595,261.944324539572,0.78761690364192,False,80,
5812992942,178,314,314,1149,Traced,M_lvPNm37_R,422173388,True,right,M_lvPNm37,M_lvPNm37,mPN,AVM06,mPN,2.104,2.0,1127.0,22.0,83.0,229.0,1400.42527144206,519.8828839852749,434.399804390146,208.13754035569198,0.50238237109569,False,55,
1856820042,163,390,390,989,Traced,M_lvPNm47_R,427729564,True,right,M_lvPNm47,M_lvPNm47,mPN,AVM06,mPN,3.23,3.0,621.0,287.0,200.0,156.0,1350.3884056188401,312.047947056337,499.711907109939,292.331473737574,0.0109483435208204,False,60,
1670597454,246,433,433,1944,Traced,M_lvPNm35_R,479729689,True,right,M_lvPNm35,M_lvPNm35,mPN,AVM06,mPN,2.296,2.0,1694.0,184.0,73.0,349.0,1537.11547351478,363.091616011602,660.000512006427,216.43726983269198,0.40927753583054105,False,54,
1827861966,349,1129,1129,2345,Traced,M_lPNm11D_R,541320572,True,right,M_lPNm11D,M_lPNm11D,mPN,AVM02,mPN,2.593,3.0,1409.0,889.0,432.0,683.0,1551.4291843659,592.93735821485,660.1728865475869,46.2587177938289,0.035814694309568,False,89,AL-mPN4 (Tanaka et al. JCN 2012) no projection down to PLP
1730656082,319,707,707,3039,Traced,M_lvPNm26_R,610981256,True,right,M_lvPNm26,M_lvPNm26,mPN,AVM06,mPN,2.478,3.0,2953.0,14.0,127.0,566.0,1788.74477191957,436.30684097809404,846.5239590393401,254.054110710869,0.6648542186392149,False,65,
1825085656,373,1290,1290,2191,Traced,M_lPNm11D_R,576557541,True,right,M_lPNm11D,M_lPNm11D,mPN,AVM02,mPN,2.537,3.0,1010.0,1143.0,254.0,1024.0,1894.9204423368399,450.25914153260396,1105.9193916156698,61.385015764327605,0.0584547735105194,False,89,AL-mPN4 (Tanaka et al. JCN 2012) no projection down to PLP
329599710,247,285,285,2052,Traced,M_lvPNm32_R,343478957,False,right,M_lvPNm32,M_lvPNm32,mPN,AVM06,mPN,2.6830000000000003,3.0,1722.0,297.0,85.0,184.0,1715.8678247735502,451.73258016523806,708.9766668767239,288.828960130449,0.19988630172254,False,53,
1857148391,362,1280,1280,2325,Traced,M_lPNm11D_R,546540495,True,right,M_lPNm11D,M_lPNm11D,mPN,AVM02,mPN,2.559,3.0,1212.0,1073.0,362.0,904.0,1635.3446940823499,492.978278563076,823.544366589334,45.5236875536267,0.0437365989125893,False,89,AL-mPN4 (Tanaka et al. JCN 2012) no projection down to PLP
1856833015,273,523,523,2156,Traced,M_lPNm12_R,564166703,True,right,M_lPNm12,M_lPNm12,mPN,AVM02,mPN,2.7039999999999997,3.0,1827.0,287.0,133.0,359.0,1905.21814153844,653.988008745738,729.617429507437,190.996547448153,0.26342380294108,False,86,
1759999022,225,373,373,1733,Traced,M_lvPNm33_R,465342930,True,right,M_lvPNm33,M_lvPNm33,mPN,AVM06,mPN,2.4619999999999997,2.0,1430.0,269.0,91.0,269.0,1624.09130034858,390.385713615492,694.234516287235,252.94121244381,0.248235866265365,False,53,
1670973150,311,675,675,2487,Traced,M_lvPNm27_R,557489487,True,right,M_lvPNm27,M_lvPNm27,mPN,AVM06,mPN,2.344,2.0,1839.0,626.0,83.0,581.0,2219.1473915246697,444.996077204019,1190.9619581233098,244.730818067306,0.271752224687648,False,81,
5813069532,262,391,391,2170,Traced,M_lvPNm34_R,501592898,True,right,M_lvPNm34,M_lvPNm34,mPN,AVM06,mPN,2.3569999999999998,2.0,1750.0,420.0,95.0,283.0,1729.58237061852,458.383128257706,739.541648176384,246.677005192258,0.20713963935446603,False,81,
1723506321,957,1888,1888,9537,Traced,M_l2PNm14_R,1789070068,True,right,M_l2PNm14,M_l2PNm14,mPN,AVM03,mPN,2.4290000000000003,2.0,9190.0,256.0,682.0,1186.0,4874.5932908369705,1471.3992074603,2323.47352853033,219.679545457024,0.37764352589332,False,166,
5901194556,176,256,256,1314,Traced,M_lvPNm37_R,405048506,True,right,M_lvPNm37,M_lvPNm37,mPN,AVM06,mPN,2.116,2.0,1189.0,34.0,63.0,189.0,1324.03214542906,390.89421790112,467.045809229993,234.064496548334,0.48854532223290703,False,54,
977866721,234,594,594,1854,Traced,M_vPNml65_R,505595429,False,right,M_vPNml65,M_vPNml65,mPN,AVM04,mPN,2.63,2.0,1577.0,193.0,123.0,464.0,1674.70865389303,313.074303724909,880.2623537496471,218.023372431702,0.36560980452789393,False,152,
636418270,175,204,204,1916,Traced,M_vPNml58_R,427085893,False,right,M_vPNml58,M_vPNml58,mPN,AVM04,mPN,2.12,2.0,1834.0,0.0,37.0,156.0,1241.72526972429,294.05716491054903,396.375468611294,265.142280562101,0.714773780306539,False,104,
634707780,175,257,257,1980,Traced,M_vPNml58_R,442376420,False,right,M_vPNml58,M_vPNml58,mPN,AVM04,mPN,2.0909999999999997,2.0,1901.0,0.0,38.0,212.0,1228.9537327626101,355.04257054084997,370.469592596353,274.056970411519,0.757993601043202,False,104,
1857143769,318,2085,2085,2931,Traced,M_vPNml63_R,1002120524,True,right,M_vPNml63,M_vPNml63,mPN,AVM04,mPN,2.113,2.0,1978.0,787.0,69.0,2013.0,2685.01297106462,232.28452136902803,1718.52114750387,217.11980703685398,0.40664712522630103,False,145,
886812643,438,785,785,4923,Traced,M_vPNml55_R,972156481,True,right,M_vPNml55,M_vPNml55,mPN,AVM04,mPN,2.9,3.0,4656.0,185.0,79.0,701.0,2089.778407575,625.095023477793,844.504424375141,223.865025045583,0.622000554266931,False,162,
1099911913,269,1476,1476,2177,Traced,M_vPNml64_R,907909169,True,right,M_vPNml64,M_vPNml64,mPN,AVM04,mPN,2.093,2.0,1618.0,483.0,78.0,1391.0,2232.84425430107,222.96744760872102,1349.63971630672,219.72551012721297,0.426946549958417,False,145,
1322012611,276,792,792,2076,Traced,M_vPNml64_R,886564530,True,right,M_vPNml64,M_vPNml64,mPN,AVM04,mPN,2.136,2.0,1531.0,492.0,62.0,726.0,1954.3658134027698,259.090148554284,1045.35464719307,216.351635097355,0.350179591737672,False,145,
542665377,327,588,588,3168,Traced,M_vPNml79_R,839685331,True,right,M_vPNml79,M_vPNml79,mPN,AVM04,mPN,2.928,3.0,3147.0,11.0,291.0,291.0,1935.3941659718698,888.5185901910471,525.685090840431,231.41932532969201,0.35424036668296,False,123,
667823920,159,312,312,1733,Traced,M_vPNml56_R,590254602,True,right,M_vPNml56,M_vPNml56,mPN,AVM04,mPN,2.1180000000000003,2.0,1714.0,0.0,30.0,280.0,1247.3613356267301,308.593845737663,501.52226424913596,218.69679605679798,0.825034441545632,False,104,
5813041247,279,544,544,2271,Traced,M_vPNml65_R,547203212,False,right,M_vPNml65,M_vPNml65,mPN,AVM04,mPN,2.238,2.0,1841.0,288.0,113.0,426.0,1608.87333671771,336.699836337799,791.856340990574,216.342534293724,0.319765528408649,False,152,
823037476,172,734,734,1740,Traced,M_vPNml52_R,589795316,True,right,M_vPNml52,M_vPNml52,mPN,AVM04,mPN,2.3209999999999997,2.0,1613.0,116.0,138.0,587.0,1845.6848394072101,330.173611129819,1025.8257946530198,190.23559298518902,0.464306610530704,False,149,
1447205602,177,319,319,1685,Traced,M_vPNml83_R,533392854,True,right,M_vPNml83,M_vPNml83,mPN,AVM04,mPN,2.92,3.0,1643.0,0.0,49.0,266.0,1520.7682713411402,473.652240177828,618.176612893384,225.39050182318297,0.7431644995602521,False,128,
5812996003,130,422,422,1383,Traced,M_vPNml72_R,518274162,True,right,M_vPNml72,M_vPNml72,mPN,AVM04,mPN,2.447,2.0,1348.0,20.0,131.0,289.0,1309.5080917229302,248.796373126889,550.17833993658,223.50624258672997,0.46994067297622294,False,141,
2383731281,233,720,720,2230,Traced,M_vPNml51_R,532134742,False,right,M_vPNml51,M_vPNml51,mPN,AVM04,mPN,2.698,3.0,2067.0,137.0,219.0,495.0,1738.9797553588,416.879503027284,910.344299272787,186.93711102073001,0.35193702243010105,False,150,
1415829574,121,653,653,1243,Traced,M_vPNml72_R,472447161,True,right,M_vPNml72,M_vPNml72,mPN,AVM04,mPN,2.388,2.0,1193.0,27.0,131.0,513.0,1575.8840898902401,261.68050244512403,804.53780633845,198.90593194882098,0.55514085864945,False,149,
882353566,207,294,294,2296,Traced,M_vPNml68_R,447743588,True,right,M_vPNml68,M_vPNml68,mPN,AVM04,mPN,2.799,3.0,2272.0,5.0,47.0,242.0,1169.8273582702,250.18517834131902,438.765349218731,240.31621773356602,0.718532510223106,False,140,
1539978151,152,306,306,1782,Traced,M_vPNml76_R,440104775,True,right,M_vPNml76,M_vPNml76,mPN,AVM04,mPN,2.593,3.0,1765.0,9.0,20.0,284.0,1211.18989859987,231.82384066842602,506.81469506485803,232.64524218115398,0.8266623923158221,False,140,
1701325725,152,294,294,1507,Traced,M_vPNml73_R,440695294,True,right,M_vPNml73,M_vPNml73,mPN,AVM04,mPN,2.734,3.0,1492.0,0.0,82.0,202.0,1079.49992400912,237.506955196255,394.442522436086,236.454908359236,0.587352586110635,False,143,
5813013823,176,268,268,1617,Traced,M_vPNml87_R,462279078,True,right,M_vPNml87,M_vPNml87,mPN,AVM04,mPN,2.878,3.0,1575.0,0.0,48.0,218.0,1432.5029613374697,470.934374775655,518.872864265629,213.102489848699,0.7155591895026121,False,129,
5813014622,92,208,208,995,Traced,M_vPNml82_R,419419085,True,right,M_vPNml82,M_vPNml82,mPN,AVM04,mPN,2.8289999999999997,3.0,981.0,3.0,81.0,119.0,1008.76904028254,300.387034165027,308.359287549578,230.07161279915297,0.441437183569997,False,126,
5813008771,119,299,299,1055,Traced,M_vPNml53_R,422044220,True,right,M_vPNml53,M_vPNml53,mPN,AVM04,mPN,2.377,2.0,946.0,5.0,121.0,154.0,1495.56946340409,456.30596648064795,365.43627649978697,348.84643779277803,0.3878746674384529,False,137,
294792184,92,344,344,730,Traced,M_vPNml53_R,420662445,True,right,M_vPNml53,M_vPNml53,mPN,AVM04,mPN,2.506,2.0,599.0,3.0,155.0,164.0,1514.45593571941,446.24610042418703,425.85740513100603,348.989287481985,0.330047461395189,False,137,
1570685257,125,328,328,1193,Traced,M_vPNml72_R,421073985,True,right,M_vPNml72,M_vPNml72,mPN,AVM04,mPN,2.541,2.0,1136.0,3.0,80.0,241.0,1102.55485778253,248.984640459462,460.695448795447,220.557588552482,0.595349281343848,False,144,
1069929827,180,235,235,1887,Traced,M_vPNml57_R,425539081,True,right,M_vPNml57,M_vPNml57,mPN,AVM04,mPN,2.443,2.0,1812.0,0.0,25.0,206.0,1283.41985045747,364.812122561978,470.55436306656304,241.830491146095,0.8165533613494499,False,164,
697145036,147,161,161,1463,Traced,M_vPNml83_R,408017927,True,right,M_vPNml83,M_vPNml83,mPN,AVM04,mPN,2.877,3.0,1440.0,0.0,46.0,111.0,1091.3390860258198,368.985263608209,341.99244388849996,226.430247971721,0.600272725044391,False,108,
573669915,124,248,248,1165,Traced,M_vPNml83_R,419318308,True,right,M_vPNml83,M_vPNml83,mPN,AVM04,mPN,3.002,3.0,1135.0,5.0,58.0,187.0,1224.50845231904,337.748505553667,524.86949935808,224.326711924416,0.6052682814367779,False,113,
5813071369,157,435,435,1632,Traced,M_vPNml76_R,375807234,True,right,M_vPNml76,M_vPNml76,mPN,AVM04,mPN,2.71,3.0,1595.0,28.0,23.0,410.0,1295.50093657852,222.12705585075,590.787723707428,218.97982499571097,0.787637430816897,False,140,
727855437,174,287,287,1935,Traced,M_vPNml71_R,371277141,False,right,M_vPNml71,M_vPNml71,mPN,AVM04,mPN,2.799,3.0,1881.0,0.0,64.0,201.0,1171.89196132901,260.460252702166,434.483337987134,250.633693952836,0.649165802364963,False,142,
1570685132,149,322,322,1676,Traced,M_vPNml76_R,357504944,True,right,M_vPNml76,M_vPNml76,mPN,AVM04,mPN,2.8539999999999996,3.0,1636.0,0.0,18.0,302.0,1201.5794198868,192.64217802368,530.439107252009,211.66793481289102,0.8861002252376708,False,161,
634379734,157,117,117,1651,Traced,M_vPNml88_R,359573549,True,right,M_vPNml88,M_vPNml88,mPN,AVM04,mPN,2.544,3.0,1371.0,0.0,31.0,84.0,984.035424971917,324.761474132627,196.290206144305,253.39770678176004,0.632284614438293,False,110,
572663539,218,268,268,2139,Traced,M_vPNml87_R,361269017,False,right,M_vPNml87,M_vPNml87,mPN,AVM04,mPN,3.0260000000000002,3.0,2119.0,0.0,58.0,209.0,1371.55955588144,512.12360097827,443.872655813281,210.18714658242803,0.6801306638764449,False,118,
1322353714,90,247,247,860,Traced,M_vPNml66_R,340892539,True,right,M_vPNml66,M_vPNml66,mPN,AVM04,mPN,2.805,3.0,829.0,10.0,41.0,204.0,988.1813181454739,162.49755399484,405.245891919232,213.37415407504102,0.644978011021849,False,132,
1322353841,168,234,234,1640,Traced,M_vPNml77_R,317561178,False,right,M_vPNml77,M_vPNml77,mPN,AVM04,mPN,2.931,3.0,1537.0,4.0,29.0,205.0,1098.71829787452,208.14626573929502,479.82557208863,216.58912215054698,0.7627185642763442,False,130,
604726283,171,229,229,1693,Traced,M_vPNml77_R,334092380,False,right,M_vPNml77,M_vPNml77,mPN,AVM04,mPN,2.927,3.0,1673.0,0.0,25.0,202.0,1157.75240840466,348.483315575153,438.07709653272303,209.97338847709702,0.81260021550117,False,134,
1037518512,136,487,487,1503,Traced,M_vPNml67_R,309960926,False,right,M_vPNml67,M_vPNml67,mPN,AVM04,mPN,2.302,2.0,1419.0,5.0,62.0,397.0,1123.3125922322,237.943544438615,432.59644174436005,265.885092682855,0.7281103110824799,False,123,
1447205712,186,174,174,1888,Traced,M_vPNml77_R,302985952,False,right,M_vPNml77,M_vPNml77,mPN,AVM04,mPN,2.9339999999999997,3.0,1846.0,0.0,26.0,143.0,987.7613382589669,252.22955310623797,370.52072588587197,211.58571529276298,0.764003833382218,False,134,
542311358,147,99,99,1332,Traced,M_vPNml69_R,335750142,True,right,M_vPNml69,M_vPNml69,mPN,AVM04,mPN,2.8710000000000004,3.0,1255.0,2.0,37.0,55.0,1053.8989835932302,381.49198098506105,258.60110750294996,229.933431900344,0.474178907620178,False,154,
1570685224,142,208,208,1407,Traced,M_vPNml53_R,309059315,False,right,M_vPNml53,M_vPNml53,mPN,AVM04,mPN,2.55,2.0,1340.0,0.0,122.0,75.0,1304.3527100715198,561.547630795161,155.85606311378598,353.0986083087,0.286754009529393,False,137,
1322353824,130,162,162,1307,Traced,M_vPNml75_R,266069795,False,right,M_vPNml75,M_vPNml75,mPN,AVM04,mPN,2.7760000000000002,3.0,1281.0,0.0,22.0,120.0,951.351258937397,176.33492432328097,298.539764547682,241.54103517766498,0.758398958540397,False,130,
603349484,169,127,127,1565,Traced,M_vPNml85_R,252666202,False,right,M_vPNml85,M_vPNml85,mPN,AVM04,mPN,3.011,3.0,1491.0,0.0,69.0,54.0,898.5383933886279,292.00556897694497,176.178769056834,260.79479509228696,0.35004872906003803,False,116,
635407942,165,136,136,1495,Traced,M_vPNml85_R,259188554,False,right,M_vPNml85,M_vPNml85,mPN,AVM04,mPN,3.115,3.0,1285.0,42.0,65.0,61.0,867.2046837712579,305.088258747795,111.002175305026,292.312727009766,0.229284253703934,False,115,
760250272,89,166,166,884,Traced,M_vPNml84_R,228931677,False,right,M_vPNml84,M_vPNml84,mPN,AVM04,mPN,2.9010000000000002,3.0,784.0,0.0,77.0,82.0,927.286100373789,227.709393497964,267.700252455608,251.530598351064,0.39378369764402205,False,111,
5813071409,102,236,236,1044,Traced,M_vPNml66_R,239405104,False,right,M_vPNml66,M_vPNml66,mPN,AVM04,mPN,3.1319999999999997,3.0,992.0,32.0,34.0,197.0,1051.4454610099401,159.239384016961,517.236298690157,210.009630363885,0.5963402675627081,False,130,
1570685033,100,233,233,935,Traced,M_vPNml54_R,250252093,False,right,M_vPNml54,M_vPNml54,mPN,AVM04,mPN,2.121,2.0,886.0,5.0,72.0,150.0,1271.3039753170199,476.70347971238294,337.602117402155,238.09618953947202,0.500712357415639,False,147,
761938645,133,363,363,1463,Traced,M_vPNml67_R,239105581,False,right,M_vPNml67,M_vPNml67,mPN,AVM04,mPN,2.286,2.0,1456.0,0.0,50.0,312.0,1238.76832012217,343.461228415358,491.08122865188795,220.404893943706,0.7582171810039449,False,123,
605050789,97,179,179,901,Traced,M_vPNml84_R,223714949,False,right,M_vPNml84,M_vPNml84,mPN,AVM04,mPN,2.7910000000000004,3.0,831.0,0.0,77.0,96.0,993.6460835023739,255.06685405252102,316.188370321595,246.32055723861902,0.4285891723241311,False,111,
610274046,808,6320,6320,8051,Traced,M_vPNml50_R,2169143216,False,right,M_vPNml50,M_vPNml50,mPN,AVM04,mPN,3.037,3.0,7868.0,178.0,351.0,5959.0,8258.22794387553,896.283376963565,6224.4925931355,213.731545971516,0.770881046465032,False,153,
637462647,110,430,430,1039,Traced,M_vPNml80_R,221290103,False,right,M_vPNml80,M_vPNml80,mPN,AVM04,mPN,2.272,2.0,1024.0,2.0,60.0,368.0,1396.62409784708,382.40082188388396,610.316999798438,226.701659444259,0.7226458433024499,False,106,
792616185,178,250,250,1986,Traced,M_vPNml59_R,420397246,False,right,M_vPNml59,M_vPNml59,mPN,AVM04,mPN,2.439,2.0,1754.0,0.0,16.0,233.0,1094.07356421239,231.153668924021,383.000723764919,267.533336434531,0.878687589858775,False,158,
5813034081,185,241,241,1921,Traced,M_vPNml58_R,561954418,True,right,M_vPNml58,M_vPNml58,mPN,AVM04,mPN,2.11,2.0,1886.0,0.0,33.0,205.0,1278.62974072687,380.860098590402,367.00053212775396,251.250113611591,0.77613430569786,False,105,
1694850602,156,52,52,1759,Traced,M_vPNml89_R,315897233,True,right,M_vPNml89,M_vPNml89,mPN,AVM04,mPN,3.1689999999999996,3.0,1530.0,0.0,12.0,35.0,901.582977530903,282.10801816622796,126.40498173776699,249.56379623576802,0.667828330794407,False,110,
1570684665,114,145,145,1080,Traced,M_vPNml54_R,231778987,False,right,M_vPNml54,M_vPNml54,mPN,AVM04,mPN,2.211,2.0,1025.0,25.0,53.0,83.0,1163.47878570221,465.695671500105,272.855789040137,240.60939391169998,0.36135500718266206,False,147,
1571025824,123,162,162,1055,Traced,M_vPNml86_R,203621018,False,right,M_vPNml86,M_vPNml86,mPN,AVM04,mPN,2.987,3.0,939.0,95.0,107.0,53.0,1073.7987176653999,365.878284320849,220.64358908682598,256.618256202168,0.0606466499920987,False,127,
5813054911,114,256,256,945,Traced,M_vPNml74_R,181830304,False,right,M_vPNml74,M_vPNml74,mPN,AVM04,mPN,2.715,3.0,767.0,153.0,21.0,228.0,947.017346841154,134.41199288326598,419.396734703178,225.145940946362,0.41612001227272705,False,122,
760264077,91,95,95,747,Traced,M_vPNml74_R,179003934,False,right,M_vPNml74,M_vPNml74,mPN,AVM04,mPN,3.073,3.0,732.0,8.0,19.0,74.0,744.689436032698,152.630971489612,206.029205251656,224.97353810099997,0.6060564521670699,False,114,
1819326555,115,34,34,1269,Traced,M_vPNml89_R,172110324,False,right,M_vPNml89,M_vPNml89,mPN,AVM04,mPN,2.0,3.0,1242.0,0.0,11.0,10.0,688.387263710365,228.168987759153,111.325180870973,254.36044679551003,0.410035862985627,False,110,
729219639,86,88,88,733,Traced,M_vPNml74_R,160505518,False,right,M_vPNml74,M_vPNml74,mPN,AVM04,mPN,3.08,3.0,657.0,63.0,19.0,65.0,766.876677783164,146.519909362923,225.751644960373,220.595540541241,0.34877937316752,False,114,
610274029,754,5673,5673,7505,Traced,M_vPNml50_R,2530060491,True,right,M_vPNml50,M_vPNml50,mPN,AVM04,mPN,3.085,3.0,7426.0,77.0,363.0,5305.0,7570.474103817141,912.7194863434779,5645.85949582864,190.25220107193803,0.792154915644377,False,153,
5812995298,243,342,342,1719,Traced,M_lvPNm35_R,442504635,True,right,M_lvPNm35,M_lvPNm35,mPN,AVM06,mPN,2.416,2.0,1422.0,203.0,37.0,296.0,1471.87660307166,337.921871371418,661.554591866833,215.218306732633,0.429185800851973,False,54,
1415825344,311,1481,1481,3311,Traced,M_vPNml63_R,902164861,True,right,M_vPNml63,M_vPNml63,mPN,AVM04,mPN,2.34,2.0,2624.0,606.0,95.0,1380.0,2469.66671582385,295.20404465033,1454.45945055501,213.720701470337,0.44165526431369795,False,145,
1888213190,181,760,760,1324,Traced,M_adPNm4_R,432662529,False,right,M_adPNm4,M_adPNm4,mPN,AVM01,mPN,2.178,2.0,1094.0,230.0,158.0,597.0,1650.62874542641,373.74805621371496,811.037355901919,207.19627543331,0.292667321051846,False,35,
731690040,643,519,519,5403,Traced,M_spPN5t10_L,1510951202,True,right,M_spPN5t10,M_spPN5t10,mPN,,mPN,4.649,4.0,3455.0,974.0,305.0,112.0,1912.3284165749699,743.066244918859,196.59540295623,129.513058020275,0.00175646391798534,False,193,
1733370882,282,1682,1682,1126,Traced,M_spPN5t10_R,1538731710,True,right,M_spPN5t10,M_spPN5t10,mPN,PVM01,mPN,2.705,4.0,827.0,253.0,1198.0,402.0,4021.7085606649603,2149.06750026067,734.9105152745799,61.4562234323518,0.00027981892545214703,False,192,
1825440160,128,4889,4889,609,Traced,MZ_lv2PN_R,1897237679,False,right,MZ_lv2PN,MZ_lv2PN,mPN,,mPN,2.174,2.0,156.0,452.0,847.0,4038.0,4949.8802179882505,858.056254177774,3313.96409893574,37.1739171906693,0.0060637572227577605,False,194,AL-lPN4 (Tanaka et al. JCN 2012)
481268653,146,58,58,1614,Traced,M_vPNml89_R,265085609,False,right,M_vPNml89,M_vPNml89,mPN,AVM04,mPN,4.3,3.0,1467.0,0.0,26.0,28.0,803.616562837052,297.802816365506,102.12506152521999,254.561262340392,0.438106090053896,False,110,
5812982656,1001,2005,2005,10528,Traced,M_smPN6t2_L,2186187602,True,right,M_smPN6t2,M_smPN6t2,mPN,AVM19,mPN,2.715,3.0,10331.0,17.0,914.0,1054.0,5115.4492664789595,1879.8615389375,2136.6973557012197,188.934908491339,0.39802835170998996,False,191,
1702306047,490,1340,1340,4312,Traced,M_ilPN8t91_R,590152642,False,right,M_ilPN8t91,M_ilPN8t91,mPN,,mPN,3.043,3.0,3917.0,344.0,89.0,1238.0,3085.9576756627002,415.708992516259,2212.7549904931698,119.681276154992,0.590199414992724,False,2,
1661769627,689,2063,2063,5117,Traced,M_l2PN3t18_R,1311403503,True,right,M_l2PN3t18,M_l2PN3t18,mPN,AVM03,mPN,2.443,2.0,4401.0,550.0,332.0,1706.0,3393.5447291527803,501.601986590467,2027.9918701775898,245.45494762275501,0.417963310416316,False,177,
1755556277,689,2069,2069,5039,Traced,M_l2PN3t18_R,1336855424,True,right,M_l2PN3t18,M_l2PN3t18,mPN,AVM03,mPN,2.4619999999999997,2.0,4548.0,323.0,372.0,1671.0,3442.84219422437,573.500917743675,2048.27055680889,245.26399223636398,0.47545655877141796,False,176,
1316245799,1242,2667,2667,11269,Traced,M_spPN4t9_R,3099779499,True,right,M_spPN4t9,M_spPN4t9,mPN,PVM01,mPN,3.042,3.0,8841.0,2263.0,380.0,2251.0,5446.352864998329,931.731835681251,3211.87280030164,226.509120382402,0.29755996162768,False,193,AL-t4PN1 (Tanaka et al. JCN 2012)
417199910,162,347,347,1590,Traced,M_lvPNm36_R,387058559,True,right,M_lvPNm36,M_lvPNm36,mPN,AVM06,mPN,2.105,2.0,1559.0,28.0,92.0,245.0,1468.46937430246,327.297150795725,499.874795518955,223.693861908591,0.5011625820378739,False,56,
1887872301,276,597,597,2195,Traced,M_adPNm4_R,529952717,True,right,M_adPNm4,M_adPNm4,mPN,AVM01,mPN,2.271,2.0,1923.0,251.0,177.0,412.0,1718.7308025130499,571.7680538899521,683.807912180412,207.105098294601,0.26868420446960395,False,35,
5813044177,240,370,370,1462,Traced,M_lPNm11A_R,558330827,True,right,M_lPNm11A,M_lPNm11A,mPN,AVM02,mPN,2.349,3.0,1206.0,153.0,65.0,290.0,1824.0190165483602,485.500012065418,816.476952956131,233.33161221310502,0.379991808401938,False,91,AL-mPN4 (Tanaka et al. JCN 2012) projection to LH/PLP
1102334088,758,2140,2140,6720,Traced,M_lv2PN9t49_R,1271611492,False,right,M_lv2PN9t49,M_lv2PN9t49,mPN,,mPN,3.168,3.0,6378.0,10.0,271.0,1840.0,4585.749047770039,828.7394829085711,2931.8958104767894,216.655102415438,0.7492076610339609,False,194,
